time,Chloramphenichol,od,fluorescence,phi,growth_rate,production_rate,od_se,fluorescence_se,phi_se,growth_rate_se,production_rate_se
0,0,0.095166667,7.333333333,77.09326218,0.682130229,2927.325482,0.000448454,0.333333333,3.87219452,0.111883872,320.4547249
0.271666667,0,0.095633333,8,83.66765975,0.862234814,3506.620272,0.000898765,0,0.788444496,0.106428919,333.2716047
0.543333333,0,0.100033333,14.33333333,143.2767975,0.99397519,3816.334619,0.000766667,0.333333333,2.920485411,0.06890716,306.7640615
0.814722222,0,0.108633333,50.66666667,466.3878986,0.993974945,4045.00979,0.000973539,1.763834207,15.35320404,0.04604031,299.1880806
1.086388889,0,0.1208,111.6666667,924.4835735,1.030385076,3953.309804,0.000907377,1.763834207,15.66368469,0.007382175,139.4214811
1.358055556,0,0.138533333,188.3333333,1359.537523,0.843706424,3597.76272,0.000868588,1.855921454,13.50633645,0.036209211,151.9302608
1.629444444,0,0.1615,278,1721.54386,0.783031065,3352.762107,0.001115049,2.081665999,18.28482308,0.043567853,97.84510874
1.901111111,0,0.188733333,382.6666667,2027.770941,0.658044597,2848.482749,0.001270608,2.728450924,21.50892953,0.039877291,40.03667817
2.172777778,0,0.2195,502.3333333,2289.390427,0.571418294,2416.286435,0.003041381,1.855921454,31.91533365,0.030231201,63.27609249
2.444166667,0,0.251233333,632.3333333,2517.213203,0.42457179,1885.583073,0.001732372,4.484541349,27.52869376,0.03421201,209.9389234
2.715833333,0,0.286166667,770.3333333,2692.768605,0.359317583,1479.183655,0.003464743,3.844187532,37.87738133,0.040218582,145.2652266
2.9875,0,0.317833333,918.3333333,2889.913748,0.261355247,981.7100749,0.00309426,1.855921454,29.22355373,0.040216214,242.7189324
3.258888889,0,0.353333333,1064.666667,3013.871513,0.219996953,501.5494802,0.003319304,4.409585518,36.71414198,0.016463936,284.714623
3.530555556,0,0.3869,1207,3119.888594,0.173352424,310.0295796,0.002218859,4.041451884,21.73947008,0.016789962,81.17350783
3.802222222,0,0.418733333,1347,3217.444135,0.147805507,59.83788254,0.003199132,9.848857802,43.24732649,0.017509797,120.1361911
4.073611111,0,0.443466667,1464.333333,3302.901562,0.123498869,-74.42834943,0.004921495,1.666666667,39.97217301,0.025648841,114.4094245
4.345277778,0,0.468933333,1545.666667,3296.730461,0.101271179,-468.1695485,0.004852605,6.691619967,31.67747359,0.01824631,189.6707522
4.616666667,0,0.488333333,1604.333333,3286.35645,0.051268374,-537.2797992,0.005511302,6.38574802,46.6446184,0.015160676,108.6402086
4.888333333,0,0.5064,1620.666667,3201.445101,0.045753885,-322.1721766,0.0068942,5.364492313,40.87611367,0.006751031,91.00831114
5.16,0,0.524966667,1628,3102.817965,0.06674371,-589.6146151,0.008233333,4.358898944,53.53157242,0.012975232,62.85889906
5.431388889,0,0.5379,1622.333333,3017.851073,0.079972734,-492.9929706,0.007864053,10.10500426,61.87508433,0.024524631,112.5539255
5.703055556,0,0.550166667,1572.333333,2859.070437,0.062667285,-370.255201,0.006266933,10.65103021,50.77198993,0.027145022,215.4463997
5.974722222,0,0.555766667,1497.666667,2694.876503,0.056254032,-613.1565057,0.006091615,13.96821789,5.516823312,0.015482525,141.1478798
6.246111111,0,0.565166667,1420,2513.381136,0.044503084,-460.2778967,0.007726218,4.358898944,31.7611227,0.014954024,11.52585199
6.517777778,0,0.5719,1362.666667,2383.619781,0.057560712,-447.1384955,0.008168231,13.69103519,39.98511252,0.007692707,26.29741474
6.789444444,0,0.5846,1300,2224.317517,0.030808732,-395.1198597,0.006250067,4.509249753,27.77776775,0.007477237,23.79164268
7.060833333,0,0.5928,1197.666667,2021.167921,0.040468344,-444.509817,0.009058881,5.607534614,27.90495045,0.004543801,21.99087321
7.3325,0,0.603233333,1156,1917.288664,0.01793023,-451.106294,0.009238567,26.05762844,52.70293436,0.004746325,58.11943978
7.603888889,0,0.612166667,1070.333333,1749.42234,-0.020399029,-533.4134968,0.009897867,4.910306621,31.38464329,0.017928355,62.41443288
7.875555556,0,0.6166,1002.333333,1626.083367,-0.014334566,-346.5265601,0.008558232,4.176654695,18.82126546,0.014186936,17.00366625
8.147222222,0,0.623433333,928.3333333,1489.761117,-0.049008028,-318.342721,0.009297371,3.333333333,23.83209733,0.014281454,27.2222856
8.418611111,0,0.6289,861.6666667,1370.720256,-0.039515905,-259.5801142,0.008432675,6.333333333,24.18667014,0.003420605,6.279569668
8.690277778,0,0.6313,787.3333333,1247.878675,-0.036921579,-251.0401429,0.006593937,16.29246588,37.04620801,0.00855185,14.21537229
8.961944444,0,0.6328,703.6666667,1112.313942,-0.023866165,-170.4537415,0.007029225,5.783117191,17.00562254,0.012665495,53.96970736
9.233333333,0,0.6236,639,1024.87051,-0.047702985,-226.1852101,0.00486621,4.358898944,12.7714222,0.007794357,33.92781423
9.505,0,0.619,588.6666667,951.0913845,-0.01857613,-139.0071258,0.004387862,2.666666667,7.949766249,0.009969315,17.84340797
9.776666667,0,0.611166667,544.3333333,890.7115172,-0.028626113,-126.531408,0.004214789,2.02758751,5.588154113,0.008867841,6.052933365
10.04805556,0,0.606366667,500.6666667,825.8050851,-0.020313623,-143.1045702,0.006471047,3.527668415,7.560358873,0.003398776,29.65166737
10.31972222,0,0.600133333,463.3333333,772.0990635,-0.021208945,-114.5279836,0.004745992,2.185812841,3.648817887,0.004149153,5.257495137
10.59111111,0,0.595633333,443,743.8084422,-0.018943317,-94.87053691,0.006363001,7.234178138,11.51607788,0.01084678,6.07434052
10.86277778,0,0.588333333,409.6666667,696.2432482,-0.017265935,-93.97432397,0.005997314,6.333333333,3.651630523,0.002939859,4.558712661
11.13444444,0,0.585266667,384.3333333,656.7474645,-0.027494752,-75.48954949,0.006358808,2.728450924,3.864364036,0.005641547,6.205427077
11.40583333,0,0.581466667,365.3333333,628.3702587,-0.01110033,-73.86293306,0.006233601,2.185812841,3.919833673,0.017882338,1.596964803
11.6775,0,0.5798,347.6666667,599.6806684,-0.031099849,-65.56472441,0.007054313,3.179797338,2.507221135,0.008589393,7.308163575
11.94916667,0,0.5761,331.6666667,575.7157203,-0.027365989,-55.28645493,0.007189808,4.05517502,1.125153959,0.005057337,5.048045853
12.22055556,0,0.572066667,317.3333333,554.6761029,-0.002180808,-49.34182659,0.006631323,4.910306621,3.398320477,0.001693056,2.006058165
12.49222222,0,0.570433333,304,532.9177818,-0.007159395,-28.1098383,0.009482323,5.291502622,1.497624262,0.005713329,13.45112206
12.76388889,0,0.566266667,293,517.4025876,-0.024703031,-56.30818975,0.008593861,4.932882862,1.828021419,0.008306243,9.352031731
13.03527778,0,0.560366667,282,503.1905853,-0.021727799,-39.25077776,0.008623675,5.291502622,1.788981953,0.006076384,5.89453071
13.30694444,0,0.558533333,274.3333333,491.1486238,0.014945657,-24.29473557,0.009647855,5.04424865,0.559360188,0.002558099,4.752581013
13.57861111,0,0.5563,267.3333333,480.4407763,-0.034794581,-39.64044237,0.009383674,6.437735972,3.421641125,0.012768542,3.313558537
13.85,0,0.5559,259.3333333,466.4040947,-0.00681918,-0.074522412,0.008794506,6.009252126,3.442438745,0.00175448,11.65668357
14.12166667,0,0.552266667,254.3333333,460.4609193,-0.018706108,-39.85833699,0.008142549,5.206833117,3.629240637,0.012569017,19.35375383
14.39305556,0,0.5502,248,450.6412329,-0.013698643,-8.934637812,0.00998866,6.110100927,2.938385001,0.007121966,19.79246545
14.66472222,0,0.548466667,242.3333333,441.7473505,-0.001492507,-15.47257161,0.008419092,5.456901848,3.509133004,0.005205437,22.28417587
14.93638889,0,0.5461,239.3333333,438.07514,-0.006352611,-7.222944812,0.009592879,7.125852775,5.365278573,0.015636392,21.03116835
15.20777778,0,0.544466667,234.6666667,430.8651092,0.001716601,-17.93957466,0.009588593,6.333333333,4.124115277,0.010361381,5.918332518
15.47944444,0,0.5436,234.6666667,431.5800435,-0.015369157,-18.01273565,0.009244638,5.783117191,3.439234022,0.007093942,2.055923246
15.75111111,0,0.5398,227.6666667,421.5955256,NA,NA,0.010414573,6.76592771,4.384465337,NA,NA
16.0225,0,0.540933333,230.6666667,426.3431237,NA,NA,0.011020184,5.783117191,1.98215582,NA,NA
16.29416667,0,0.537966667,225,418.0668431,NA,NA,0.011473205,7.094598885,4.371488365,NA,NA
16.56583333,0,0.5387,224.6666667,416.9371939,NA,NA,0.010678951,6.119186584,3.466909864,NA,NA
16.83722222,0,0.5371,222.6666667,414.4019867,NA,NA,0.01118794,6.887992773,4.21071619,NA,NA
17.10888889,0,0.537433333,223,414.8424831,NA,NA,0.012263813,6.506407099,4.078982163,NA,NA
0,2,0.097866667,7.666666667,78.37056258,0.516700545,2507.213067,0.001109554,0.333333333,3.661139328,0.06642305,296.4290472
0.271666667,2,0.0987,8,81.07487194,0.722291537,3037.671989,0.001126943,0,0.927284747,0.110587639,346.5731866
0.543333333,2,0.102566667,11,107.2940348,0.822618837,3376.614261,0.001102018,0.577350269,5.887374656,0.04908419,247.2030104
0.814722222,2,0.108933333,37.66666667,345.8381997,0.873464183,3607.474939,0.001189304,1.201850425,11.2293516,0.046508552,196.8973122
1.086388889,2,0.1188,89.66666667,754.8139017,0.847364219,3648.619886,0.00140119,2.185812841,17.00245092,0.013031857,241.3392731
1.358055556,2,0.1344,157.6666667,1173.204807,0.803320215,3398.987449,0.0019,2.666666667,14.68898822,0.053409066,90.47333574
1.629444444,2,0.152866667,238,1557.224034,0.640017897,3109.526172,0.001946221,2.645751311,19.68029902,0.060126727,97.22407821
1.901111111,2,0.1768,334.6666667,1893.163761,0.579036656,2736.52506,0.002163331,3.48010217,17.98637269,0.00519041,59.5737266
2.172777778,2,0.202866667,440.6666667,2172.893549,0.512260868,2317.641256,0.002857932,2.905932629,27.77409296,0.008159357,44.63018653
2.444166667,2,0.231133333,557.3333333,2412.034791,0.408253599,2003.45072,0.003378527,3.282952601,26.64877926,0.038660988,85.0993205
2.715833333,2,0.2612,686,2627.242615,0.370203452,1553.868599,0.0036074,4.932882862,37.69858591,0.024562413,81.43278938
2.9875,2,0.286833333,815.6666667,2845.540514,0.313130656,1200.543228,0.005304505,2.905932629,50.7341267,0.028434325,212.6059948
3.258888889,2,0.3148,945.3333333,3005.086075,0.232384881,812.600016,0.006129437,1.201850425,54.48849984,0.033252888,229.0070234
3.530555556,2,0.3427,1075.333333,3140.204491,0.207541521,415.1022248,0.006795096,2.603416559,60.33498478,0.016527266,196.5708454
3.802222222,2,0.370866667,1201,3241.260265,0.172972916,251.7414105,0.007609059,2,70.66603304,0.014414504,115.7964679
4.073611111,2,0.3945,1320.333333,3350.1573,0.145252778,49.27814822,0.009402659,3.75647589,69.37022774,0.0281299,78.59670995
4.345277778,2,0.4204,1411,3358.894608,0.106075293,-338.8277065,0.009089738,7.505553499,60.73433712,0.02233361,177.6369195
4.616666667,2,0.441166667,1489.333333,3378.787475,0.0465134,-431.1635642,0.009827569,4.096068576,64.88595479,0.028158612,186.1099188
4.888333333,2,0.4582,1520.666667,3321.718432,0.082864364,-489.4277014,0.011646459,12.19744964,58.32554211,0.003339657,44.10762754
5.16,2,0.476733333,1544.666667,3242.945838,0.050938426,-428.1525615,0.011941012,11.21506923,56.75981257,0.033362704,15.3304854
5.431388889,2,0.4921,1535,3122.094558,0.099059136,-414.3120726,0.010535654,4.932882862,66.36178085,0.012731953,80.06384292
5.703055556,2,0.4988,1527.666667,3064.635878,0.078781095,-530.1331367,0.008917586,5.925462945,55.80956702,0.013405383,65.39669586
5.974722222,2,0.5116,1457,2848.79209,0.065802755,-520.0993287,0.008013114,9.712534856,28.93236323,0.010460403,28.00149755
6.246111111,2,0.5203,1395.333333,2683.209489,0.068315758,-414.496468,0.010753139,13.86041526,38.66286323,0.00377628,19.03975697
6.517777778,2,0.528366667,1344.333333,2546.076085,0.059973503,-458.8887707,0.014071997,18.48723283,33.85113166,0.009575123,70.27758099
6.789444444,2,0.538933333,1285,2386.147276,0.064480402,-459.6301766,0.013399793,13.89244399,38.81136378,0.003245961,19.36100166
7.060833333,2,0.5489,1205.333333,2197.654857,0.058372291,-446.5909363,0.014408678,16.73652028,38.73486362,0.003144694,13.52483855
7.3325,2,0.560166667,1142.666667,2041.357517,0.057703218,-544.9214087,0.014326006,16.49579071,34.94384767,0.001677127,58.7277449
7.603888889,2,0.568733333,1082.666667,1904.760625,0.024242908,-494.8819872,0.01533692,17.94745417,22.7783972,0.013658663,43.26496447
7.875555556,2,0.578366667,1016.333333,1758.343187,-0.009737872,-474.2398803,0.015395273,18.6755931,28.73654214,0.018076797,52.28125997
8.147222222,2,0.5862,946.6666667,1616.211289,-0.022114353,-381.4272399,0.015976232,14.11067366,27.54777196,0.014405863,7.580967786
8.418611111,2,0.595533333,867.6666667,1459.006672,-0.040030315,-239.5834091,0.015689097,8.006941433,41.11754243,0.012214898,66.45806165
8.690277778,2,0.6009,795.6666667,1325.924357,-0.043495034,-382.6128901,0.012894573,13.29578045,45.16015412,0.002221956,39.0163016
8.961944444,2,0.604,723.6666667,1199.020002,-0.034046763,-211.156007,0.00829538,11.85092589,34.21110146,0.011687914,41.10117895
9.233333333,2,0.603833333,647,1071.629252,-0.035779525,-219.5529169,0.004620726,6.557438524,14.16062557,0.000480997,6.232310557
9.505,2,0.600733333,597.6666667,994.7786711,-0.029554374,-175.6903729,0.00401345,9.261629326,8.838585263,0.010304264,3.310315176
9.776666667,2,0.5968,533.6666667,894.1736433,-0.026730013,-139.9007456,0.004015387,5.364492313,3.040839455,0.006358831,12.66116958
10.04805556,2,0.5907,493,834.50995,-0.026976759,-130.7299288,0.004393556,10.21436896,13.62248879,0.003509661,18.25732175
10.31972222,2,0.583833333,446.3333333,764.3644003,-0.017909956,-119.8163309,0.004766667,8.11035004,7.713867569,0.003383178,3.229718429
10.59111111,2,0.5786,417.6666667,721.6950507,-0.031107225,-103.828516,0.005859465,10.03881356,11.54774506,0.003829006,8.418731661
10.86277778,2,0.573133333,387,675.0089627,-0.015997603,-90.01354374,0.007440953,10.11599394,9.012733657,0.014100898,4.342661639
11.13444444,2,0.568433333,361,634.879422,-0.02646791,-73.56957595,0.007088096,9.073771726,8.001848109,0.004625903,6.580891455
11.40583333,2,0.5645,342,605.63724,-0.007655359,-78.12983423,0.007905062,9.073771726,7.649898486,0.012949171,5.381346396
11.6775,2,0.560166667,324,578.1958391,-0.017723903,-50.42850309,0.00697384,8.717797887,8.463491115,0.014772243,5.964412531
11.94916667,2,0.558266667,307.3333333,550.2471866,-0.036182883,-59.27888585,0.008857075,9.614803401,8.396321081,0.012239422,2.932230397
12.22055556,2,0.553233333,294.3333333,531.658743,-0.018613041,-48.88152729,0.008632175,11.14051664,11.7087316,0.009408651,2.82286899
12.49222222,2,0.551433333,281,509.2094532,-0.021191674,-44.66602369,0.01059502,10.81665383,9.717798735,0.00669493,5.124450346
12.76388889,2,0.5495,271,492.7239529,-0.012936412,-31.25342533,0.010660363,11.78982612,11.77931117,0.002766133,1.963865659
13.03527778,2,0.543766667,261,479.5189272,-0.023010122,-9.731714545,0.010792024,11.67618659,11.76119645,0.005344881,17.89860197
13.30694444,2,0.5427,254,467.5447513,-0.010002604,-46.67878915,0.010768627,11.78982612,12.28080409,0.001410752,22.54300233
13.57861111,2,0.537166667,246.3333333,458.0030072,-0.0064769,3.178700593,0.012047314,12.54768682,12.84742909,0.017384689,31.22399019
13.85,2,0.535333333,239.6666667,447.0365027,-0.0066006,-25.34382117,0.011849238,13.42054809,14.90330934,0.002300519,2.790422623
14.12166667,2,0.532166667,237.6666667,445.6825002,-0.01325306,-44.88837676,0.012305058,16.29246588,19.8842302,0.00787231,27.27952743
14.39305556,2,0.529933333,230,433.3407805,-0.02019278,-9.679344933,0.013016699,13.11487705,13.8195753,0.00584791,8.427834706
14.66472222,2,0.529633333,230.6666667,434.3456534,-0.015132401,-18.31105008,0.015199598,17.75136927,20.49629226,0.005266278,3.995933092
14.93638889,2,0.527633333,227.3333333,429.6276151,0.000665159,-7.169260394,0.015650382,17.94745417,20.70539805,0.005527464,4.118002918
15.20777778,2,0.524866667,219.6666667,417.6705668,0.001083188,27.60756988,0.014773888,14.31005862,15.15723884,0.008909316,25.6986555
15.47944444,2,0.523266667,218,415.6422851,-0.010587365,-48.84831602,0.014001111,15.56705924,18.16774604,0.003771601,25.58026992
15.75111111,2,0.5212,214.6666667,410.9001353,0.001721065,12.97439762,0.014762452,15.23519318,17.13514376,0.012726229,20.72125998
16.0225,2,0.520333333,213.3333333,408.9203912,0.00479813,0,0.016038114,15.89898669,17.45691227,0.007923493,0
16.29416667,2,0.519933333,214.3333333,410.8453559,0.029549459,12.23443866,0.016989932,18.36966098,21.22864298,0.012708649,8.843163447
16.56583333,2,0.517866667,209.6666667,403.7198722,0.048105184,78.12952334,0.016703725,16.23097177,17.77024742,0.013735721,64.5649878
16.83722222,2,0.519133333,215.3333333,413.465179,0.07868979,193.2005234,0.017829782,17.7982521,19.71724889,0.023631597,113.6954653
17.10888889,2,0.5178,210.6666667,405.230768,0.116312483,286.6846014,0.018562417,19.70053581,22.81354788,0.02761447,145.7874628
0,4,0.097733333,7.333333333,75.03179816,0.435790042,2147.553234,3.33E-05,0.333333333,3.383896421,0.060958668,282.7820296
0.271666667,4,0.0979,7.666666667,78.31473307,0.603114949,2670.637567,5.77E-05,0.333333333,3.443165303,0.06062268,229.5641504
0.543333333,4,0.101666667,9.333333333,91.84434628,0.727798453,3029.343866,0.000606447,0.333333333,3.787792742,0.047572952,189.5626175
0.814722222,4,0.107166667,27.33333333,255.0512426,0.767507077,3298.942143,0.0002848,0.333333333,2.893684129,0.029652332,141.6239271
1.086388889,4,0.115333333,68.33333333,592.3946117,0.754452633,3299.926369,0.000384419,1.855921454,14.13215539,0.019657027,147.0141327
1.358055556,4,0.127666667,125.6666667,984.1610701,0.690762366,3173.257029,0.000705534,3.282952601,21.34476754,0.083402446,58.51034342
1.629444444,4,0.143966667,197.6666667,1372.668273,0.547213328,2975.724897,0.00142634,4.409585518,16.9811671,0.021709774,20.81782634
1.901111111,4,0.163833333,282,1720.852283,0.482810311,2749.007985,0.00222436,6.429100507,16.75968353,0.018954795,143.0427616
2.172777778,4,0.187333333,378.3333333,2019.324088,0.46107668,2306.983003,0.002838623,7.264831573,8.327386842,0.045793056,95.93107826
2.444166667,4,0.211833333,481.6666667,2274.241713,0.337912206,1915.729193,0.004869748,9.261629326,14.44864877,0.04732272,46.27315303
2.715833333,4,0.235166667,595,2529.977802,0.355664564,1743.546563,0.004064617,11.26942767,5.146626757,0.025486613,148.4723967
2.9875,4,0.256933333,710.6666667,2766.233601,0.30206229,1398.436565,0.005486448,13.593299,7.968204036,0.019152005,92.60847012
3.258888889,4,0.278766667,835.6666667,2998.767711,0.224064898,976.2677681,0.007121407,16.414763,27.68337934,0.044144804,152.2196993
3.530555556,4,0.2995,949,3169.936912,0.218882344,903.1319127,0.007975797,18.24828759,29.12664706,0.037171382,148.7888414
3.802222222,4,0.3245,1068.666667,3294.379097,0.157960937,659.2128624,0.008554141,21.41909844,23.27112654,0.045498112,100.3522702
4.073611111,4,0.3424,1173,3428.168302,0.148471534,362.095738,0.00980833,19.65536398,42.04914224,0.01869927,65.88223839
4.345277778,4,0.364866667,1261.666667,3460.925931,0.144777315,103.9387121,0.010721681,18.22391591,52.11528538,0.006772219,130.5391427
4.616666667,4,0.382933333,1360.333333,3554.535683,0.117008684,-102.6018519,0.009560741,17.53409377,42.97621818,0.011932774,50.9205829
4.888333333,4,0.396966667,1410,3555.674223,0.091307347,-388.3553715,0.011547631,15.30795,64.31172823,0.012238967,68.69916315
5.16,4,0.416866667,1469,3527.132712,0.043775625,-580.0002054,0.010347517,11.06044002,66.59146033,0.010813492,62.13041181
5.431388889,4,0.428266667,1514,3541.406662,0.027932635,-274.2951748,0.013269053,3.464101615,100.4898902,0.004081456,53.28387751
5.703055556,4,0.439966667,1518.333333,3457.565401,0.049503324,-488.8902014,0.012957923,5.333333333,111.6058351,0.021915117,61.80099409
5.974722222,4,0.4527,1492,3302.545135,0.064663174,-380.3593436,0.01190014,19.05255888,128.7508489,0.007053449,39.8111828
6.246111111,4,0.462233333,1463.666667,3172.678547,0.076531182,-373.7036961,0.010055899,33.49295117,141.8443396,0.011774991,49.4332131
6.517777778,4,0.467066667,1414,3032.236696,0.059471051,-356.7031154,0.009151381,31.53305144,125.9044597,0.004847191,87.12533629
6.789444444,4,0.474033333,1359.666667,2873.347529,0.079390897,-625.8069418,0.010771,24.4426767,113.6459596,0.014977212,97.56832854
7.060833333,4,0.478866667,1315.333333,2753.368591,0.061922642,-364.2690252,0.011916981,35.82519287,138.4660294,0.009542013,55.07825692
7.3325,4,0.486033333,1262.333333,2604.447434,0.043470674,-544.8700836,0.013866186,27.64255978,129.1382219,0.013039585,61.28730547
7.603888889,4,0.493833333,1214,2466.621623,0.062770039,-462.7379187,0.014414961,36.01851376,143.6873079,0.005198713,54.50174178
7.875555556,4,0.503533333,1161.666667,2314.509871,0.059357565,-358.5060752,0.0140933,36.10324701,134.5262081,0.002839613,31.91934847
8.147222222,4,0.512466667,1103,2160.279292,0.036051264,-507.5594449,0.013893684,47.58501165,150.7271131,0.006123587,55.00015771
8.418611111,4,0.5202,1030.666667,1988.598818,0.049906694,-392.0761693,0.014482058,40.07215714,132.2481302,0.003188976,60.09140382
8.690277778,4,0.5285,983.6666667,1868.318991,0.030377993,-438.0733546,0.014214898,46.20365546,135.9686794,0.014518482,20.79942314
8.961944444,4,0.534833333,917,1721.479138,0.019088001,-419.3302711,0.01611721,36.77408508,119.014123,0.019625746,83.33706129
9.233333333,4,0.542566667,846,1566.045279,-0.013169632,-421.1974929,0.015386719,42.09908946,121.3448985,0.019053455,63.38881067
9.505,4,0.5488,786.3333333,1440.127072,-0.029597336,-286.9053475,0.015572519,51.46627806,132.8162605,0.007685713,13.21781347
9.776666667,4,0.553166667,728.6666667,1323.882356,-0.041447396,-276.7324425,0.013954012,54.60260474,131.4941806,0.000918561,33.10406673
10.04805556,4,0.556666667,673,1214.16152,-0.03969176,-221.5827516,0.011467975,56.0119035,125.7413463,0.004281349,33.79659535
10.31972222,4,0.557033333,606.3333333,1091.831917,-0.036309283,-215.8237661,0.007950751,55.95335359,116.8456338,0.006133423,20.1192885
10.59111111,4,0.557433333,561.6666667,1009.34051,-0.033488328,-145.3343899,0.004451716,56.19114205,109.3781557,0.001226052,10.03237396
10.86277778,4,0.553866667,509,919.4682963,-0.01728149,-144.0831012,0.001707174,43.8634244,81.88279553,0.001652402,15.73063238
11.13444444,4,0.549233333,471.6666667,858.9259641,-0.025708182,-116.2420991,0.001304267,40.88330276,75.1889299,0.002000221,11.96322889
11.40583333,4,0.543433333,436.3333333,803.1758775,-0.019695828,-97.07146767,0.002168205,34.83452949,65.42110985,0.007585502,11.7909548
11.6775,4,0.538433333,402.6666667,748.0467209,-0.021623874,-100.3400058,0.002233333,28.99041987,54.99571684,0.003657559,4.954968116
11.94916667,4,0.5334,377.6666667,708.4580698,-0.025064971,-87.49731293,0.003119295,26.74156149,52.80665824,0.003954893,11.72538578
12.22055556,4,0.529833333,360,679.9850112,-0.020709687,-76.58954738,0.003284475,24.82606158,50.39519908,0.007167346,11.04945347
12.49222222,4,0.5272,340.3333333,646.0938799,-0.027584011,-69.85394679,0.004152509,21.54323818,44.67044032,0.011631606,0.55739901
12.76388889,4,0.523433333,325.3333333,622.0624191,-0.021061589,-58.7265161,0.00399597,19.40217628,40.9303753,0.004553585,6.571357902
13.03527778,4,0.519833333,310.6666667,598.1460912,-0.032307301,-61.43225148,0.003915922,17.85434899,38.38217865,0.002695528,2.80021351
13.30694444,4,0.5176,299.6666667,579.5193869,-0.014311326,-47.55948894,0.004563989,16.17954813,35.81986749,0.006203395,8.922964953
13.57861111,4,0.5143,287,558.6525878,-0.018610781,-40.68518901,0.005260228,14.4222051,33.17643497,0.00022734,6.594929415
13.85,4,0.509066667,277,544.680516,-0.022181941,-31.2487159,0.005655774,12.76714533,29.87401065,0.001460753,15.83182073
14.12166667,4,0.5058,268.3333333,530.9530365,-0.017562906,-46.18241219,0.004637169,12.1151879,28.03965358,0.005222403,6.652288758
14.39305556,4,0.503033333,260.3333333,517.9716256,-0.003095991,-34.20898979,0.005463922,10.92906421,25.95008216,0.009905561,5.052139989
14.66472222,4,0.500333333,254,508.112686,-0.022878915,-26.99735468,0.005607237,9.539392014,23.76466589,0.012116534,6.572296614
14.93638889,4,0.4972,246.6666667,496.5542989,-0.01344018,-24.88953625,0.005709933,8.685876147,22.29789208,0.005282477,9.108132698
15.20777778,4,0.494866667,243,491.5316254,-0.008020856,-19.804056,0.006236007,7.767453465,21.20870814,0.006966049,2.333582957
15.47944444,4,0.493733333,236.6666667,479.9105888,-0.012432404,-29.99636117,0.007724924,7.218802609,20.81178508,0.015886929,7.841192371
15.75111111,4,0.489666667,231.3333333,472.8988754,-0.002799475,0.030506458,0.006873702,6.839428176,19.39333243,0.00955137,4.400217599
16.0225,4,0.4894,229,468.3406867,0.013887992,-4.882586013,0.006823489,6,17.54431353,0.008542699,4.882586013
16.29416667,4,0.4864,225,462.9875969,0.027129959,4.995260988,0.006885734,5.507570547,16.61824967,0.013373993,2.498673498
16.56583333,4,0.486,221.3333333,455.8874653,0.0439107,55.82317263,0.00782496,4.841946349,16.20517611,0.016002447,40.70641997
16.83722222,4,0.483266667,219.6666667,454.9116818,0.071615897,144.6753383,0.007798362,4.807401701,14.65384036,0.020907098,85.08105875
17.10888889,4,0.483266667,216.6666667,448.693193,0.103681898,242.4297466,0.008505162,3.282952601,12.03086427,0.027140853,123.2480361
0,8,0.091866667,7.666666667,83.47288835,0.269813006,1255.316427,0.000674125,0.333333333,3.787222188,0.02719045,205.3955442
0.271666667,8,0.092533333,7.666666667,82.88783475,0.362131471,1698.45093,0.000666667,0.333333333,3.928037353,0.012563768,99.45215146
0.543333333,8,0.0952,8.333333333,87.60171744,0.438213477,2049.701112,0.000754983,0.333333333,4.22542513,0.018553709,97.32389704
0.814722222,8,0.0989,12.66666667,128.1177992,0.480568963,2333.280337,0.000750555,0.333333333,3.970636388,0.025242842,64.21538216
1.086388889,8,0.1039,29.66666667,285.3964429,0.547028972,2529.110247,0.000832666,2.905932629,26.95706114,0.004425336,75.32589338
1.358055556,8,0.111333333,62.33333333,559.2597452,0.557656765,2536.582544,0.001329578,5.811865258,47.75319768,0.02353696,47.69139065
1.629444444,8,0.120566667,106.6666667,883.2843851,0.497617863,2525.128385,0.00198774,8.412952976,57.53755638,0.044151704,50.59188599
1.901111111,8,0.1313,159.3333333,1211.153729,0.453627103,2308.686724,0.00245017,12.46773614,74.2907945,0.016201834,11.4654774
2.172777778,8,0.145133333,222,1526.67501,0.349070742,2205.261723,0.003258493,15.37313674,73.43318446,0.038978201,72.99351741
2.444166667,8,0.1608,294,1825.009401,0.362329236,1885.911255,0.00466083,18.50225212,65.23021379,0.027871734,13.63879642
2.715833333,8,0.178066667,372.6666667,2089.488595,0.266005657,1652.769004,0.005833619,21.9797887,58.98550685,0.027330655,104.371273
2.9875,8,0.193933333,454.3333333,2339.528871,0.255466297,1498.796357,0.006064743,25.11528972,62.96502147,0.008403447,55.80774085
3.258888889,8,0.2089,539,2576.575259,0.232970129,1182.908572,0.006677574,29.51270913,61.82987088,0.024331706,173.7207004
3.530555556,8,0.2246,623.6666667,2773.727127,0.20952742,906.3077985,0.006242863,31.17869643,69.68316913,0.006718513,124.1063241
3.802222222,8,0.238133333,705.6666667,2960.628603,0.179370103,820.6846325,0.007534882,32.91065346,49.07423538,0.01445558,29.33318526
4.073611111,8,0.2531,790.3333333,3119.983879,0.185642774,808.3441936,0.006700995,35.51681918,68.95703015,0.016670145,125.0417633
4.345277778,8,0.266066667,861.3333333,3235.407293,0.148856355,604.7966231,0.008567834,36.97446566,50.99316736,0.028924642,81.21488084
4.616666667,8,0.279833333,939,3354.577661,0.131495958,541.8928636,0.008796653,36.25373544,51.40173099,0.018035174,50.94882043
4.888333333,8,0.2911,988,3392.662282,0.096405055,418.8568858,0.009096336,38.42308334,42.05302008,0.008159197,90.84402815
5.16,8,0.304433333,1040.333333,3415.758279,0.105133824,249.6022839,0.009804307,41.57055582,39.00458796,0.007884961,106.7068352
5.431388889,8,0.315866667,1100.666667,3483.021337,0.088690747,116.6760176,0.009859231,42.97803056,38.03593695,0.001953356,35.21281182
5.703055556,8,0.3259,1140.666667,3498.797337,0.064032279,96.35777402,0.010774198,45.0641518,39.84888728,0.011298414,38.55517898
5.974722222,8,0.3368,1184.333333,3514.429014,0.083310608,130.2768052,0.009153688,46.82354583,57.86446822,0.01041611,71.40394536
6.246111111,8,0.3455,1211,3503.467839,0.029417657,-245.8091983,0.010144128,45.92385001,39.78704566,0.010907685,130.5514286
6.517777778,8,0.352933333,1237.333333,3505.488737,-0.00547573,191.951882,0.010463322,39.55727212,24.70446557,0.010415602,127.0644978
6.789444444,8,0.360666667,1240.333333,3438.702813,0.014942996,2.79846869,0.010684152,39.28245297,24.35617995,0.010883255,81.94650352
7.060833333,8,0.367466667,1251,3404.74201,0.039807228,-18.11691966,0.011106204,37.32291521,33.51140992,0.011710206,33.65616287
7.3325,8,0.3727,1246.333333,3345.395844,0.042614631,-100.0749984,0.010316169,26.99588446,34.83289882,0.016389183,59.89002074
7.603888889,8,0.3755,1258.666667,3353.087663,0.040901262,-170.8768214,0.009222436,22.83515808,26.60394907,0.005844892,39.96294993
7.875555556,8,0.376433333,1249,3317.276813,0.041057733,-193.2022223,0.008063567,37.80211634,53.32392962,0.0098691,58.0937725
8.147222222,8,0.3776,1261.666667,3342.545418,0.049124976,-189.7881496,0.009392018,23.38327988,35.45871652,0.014121248,76.88567184
8.418611111,8,0.381733333,1250,3277.161829,0.03615019,-217.2117134,0.010796038,23.54428452,63.16180734,0.011189468,89.7057524
8.690277778,8,0.387266667,1246.333333,3221.373375,0.025927127,-338.7946105,0.010769143,21.26290458,71.38552538,0.006867857,6.592349476
8.961944444,8,0.390833333,1224.333333,3137.320551,0.042853264,-236.3623218,0.012069567,15.21329828,83.1450868,0.003197651,54.20259971
9.233333333,8,0.394233333,1205,3061.051046,0.032456206,-264.3485298,0.011633333,13.89244399,82.48786893,0.004094456,58.1772088
9.505,8,0.398766667,1177.333333,2958.591931,0.031668244,-251.2158219,0.012424349,10.4774891,101.2982188,0.007293646,19.28117917
9.776666667,8,0.403966667,1159.666667,2877.597024,0.033056664,-254.3418368,0.011839247,18.46016733,120.4828665,0.002413111,28.19654447
10.04805556,8,0.4066,1132,2792.298095,0.016197305,-305.6411585,0.012781236,20.0333056,131.7790863,0.002952401,36.0286376
10.31972222,8,0.410133333,1096.333333,2682.179175,0.03998769,-279.1881837,0.013487072,23.77907577,139.3977318,0.006405794,36.73024773
10.59111111,8,0.414533333,1073.333333,2599.098613,0.016144426,-297.2461904,0.013691157,28.67248003,149.7222919,0.002337851,27.25350416
10.86277778,8,0.417533333,1047.666667,2519.617856,0.03518704,-278.3498379,0.014069392,31.41832445,155.240557,0.002920634,31.67030774
11.13444444,8,0.420566667,1014.666667,2423.206028,0.015574067,-284.7002651,0.013699919,37.1588183,162.8425613,0.00741192,37.86017661
11.40583333,8,0.424366667,984.3333333,2331.757636,0.030636458,-238.9505681,0.014793054,41.89802435,175.3323499,0.005642761,58.98737565
11.6775,8,0.426533333,950.3333333,2240.468038,0.011800688,-249.342416,0.01466087,46.16034854,180.9141777,0.007395418,27.62320457
11.94916667,8,0.429733333,924,2162.858099,0.024390447,-229.2551947,0.015116143,46.60472079,180.3710847,0.003986045,17.60629078
12.22055556,8,0.4331,890.6666667,2069.520166,0.020681445,-327.9102807,0.015422819,48.92284175,182.945884,0.004071584,55.05591465
12.49222222,8,0.4355,853,1971.618492,0.010200384,-257.573078,0.015364353,51.41984053,183.7077105,0.012717907,25.13367494
12.76388889,8,0.437866667,828.3333333,1904.702856,0.004104929,-324.7630771,0.015565061,51.46627806,182.236307,0.010444991,108.167631
13.03527778,8,0.439666667,804.6666667,1843.081145,-0.010733406,-298.7521264,0.015517123,53.75975364,183.9201742,0.020287467,120.1973759
13.30694444,8,0.4429,766,1743.533065,-0.023673978,-228.5903669,0.01580327,61.23996516,196.8441204,0.002679337,39.26883785
13.57861111,8,0.4438,734.6666667,1668.307253,-0.022014638,-197.0594073,0.014494942,64.96751325,197.8122507,0.008166285,11.33142537
13.85,8,0.444333333,703.3333333,1594.471323,-0.031654736,-177.4110077,0.013324831,65.64889777,193.0186955,0.006772706,10.45160818
14.12166667,8,0.444033333,666,1508.712235,-0.018558122,-180.879557,0.010860377,64.96922348,182.378077,0.006736337,26.89620092
14.39305556,8,0.443033333,645.6666667,1464.877031,-0.026046873,-172.2457444,0.009561439,65.53455407,177.8671951,0.006527615,10.95836676
14.66472222,8,0.443033333,605.6666667,1372.671964,-0.014565591,-147.407292,0.008817092,54.57207263,147.5289811,0.005654068,14.73808786
14.93638889,8,0.4388,583.3333333,1334.464612,-0.025217296,-139.9162153,0.008212389,53.4114012,143.7986116,0.001573844,3.02064508
15.20777778,8,0.436133333,561.6666667,1293.263609,-0.010396647,-130.8484867,0.009012276,51.3884985,140.9049695,0.007226784,33.42321825
15.47944444,8,0.434133333,541.3333333,1252.39353,-0.015605235,-156.0523541,0.009116712,50.5250213,139.1457915,0.001321105,13.21104751
15.75111111,8,0.430966667,520.3333333,1212.756802,0.001538778,-67.90925635,0.009359547,47.06142558,132.1609281,0.011457881,35.84721083
16.0225,8,0.428466667,501.3333333,1175.601805,0.00820698,-27.25707259,0.009386752,45.63015572,130.2332189,0.006083565,31.78635607
16.29416667,8,0.4267,486.6666667,1146.258126,0.022601725,2.969656054,0.010291906,42.15184193,123.733771,0.009482524,2.969656054
16.56583333,8,0.424833333,469.6666667,1111.45289,0.035380551,17.48472996,0.010520826,41.85822633,123.8006049,0.009734621,8.87344883
16.83722222,8,0.423233333,453.3333333,1077.172378,0.052028235,49.33301497,0.011254086,38.98860232,118.4309097,0.016643181,34.14455622
17.10888889,8,0.422,438.3333333,1044.888728,0.07112941,129.9672574,0.011960491,36.37917597,113.3302395,0.02111963,69.1525179
0,12,0.095066667,7.666666667,80.63132246,0.210966294,782.6782331,0.000768838,0.333333333,3.296155393,0.062091635,407.8856179
0.271666667,12,0.0957,8,83.59773991,0.264903176,1047.552859,0.000416333,0,0.36474473,0.069633555,492.5909799
0.543333333,12,0.097966667,8,81.66454976,0.302248475,1284.292038,0.000491031,0,0.41110066,0.0889405,578.1546293
0.814722222,12,0.101566667,9.666666667,95.12722281,0.317593674,1459.273467,0.001316983,0.333333333,2.19881421,0.105406522,619.0658447
1.086388889,12,0.105233333,17.33333333,163.4340494,0.39461051,1598.331399,0.001971745,4.176654695,37.58350772,0.116123003,637.6058343
1.358055556,12,0.1099,34.33333333,307.7291686,0.38976287,1710.975625,0.002563201,11.68094365,101.5657848,0.123023328,662.5035188
1.629444444,12,0.116366667,59.66666667,499.9421169,0.328078677,1614.547065,0.00413978,22.34079477,180.693698,0.089187679,586.107018
1.901111111,12,0.1238,91,708.417507,0.323722829,1670.224835,0.006350066,35.00476158,259.7409428,0.082387232,537.138084
2.172777778,12,0.1325,131,945.2073096,0.28123595,1490.649195,0.008400794,50.5074252,343.0336321,0.061000011,449.4193423
2.444166667,12,0.1427,175.3333333,1163.079613,0.273532684,1457.754352,0.011400146,67.18217356,410.6577977,0.065408286,412.5461553
2.715833333,12,0.1551,226,1364.722312,0.247697628,1242.115389,0.015401732,86.03100216,465.276366,0.032586464,288.3858929
2.9875,12,0.166133333,280.3333333,1574.111991,0.261105291,1199.080242,0.018516689,104.1766662,508.2576043,0.043099238,273.2706065
3.258888889,12,0.177133333,336.6666667,1768.245039,0.217104238,1016.619771,0.02151901,122.8608065,544.9042498,0.024864561,260.4913776
3.530555556,12,0.1878,396.3333333,1959.975439,0.149142401,828.0770139,0.0245,142.1904044,576.6593748,0.014149615,83.55893692
3.802222222,12,0.1992,451.3333333,2105.8487,0.203381,720.6259244,0.027104981,158.211181,587.4991512,0.042565731,127.6836657
4.073611111,12,0.2099,512.3333333,2270.40871,0.152270378,594.8492316,0.02935115,176.675157,609.4245785,0.043535806,88.55703268
4.345277778,12,0.2212,563,2369.201662,0.126164646,472.1135967,0.031954708,191.0078532,609.2671977,0.0237287,46.349593
4.616666667,12,0.233133333,625.3333333,2498.026918,0.138344593,508.9605626,0.034617642,209.6738208,620.6541215,0.010654759,68.84862755
4.888333333,12,0.242,666.3333333,2569.119283,0.134606145,295.1751547,0.036433364,219.6734951,614.2266161,0.010319498,111.2987752
5.16,12,0.250433333,706,2638.047356,0.128525901,340.5343209,0.037617209,227.5089742,602.7181299,0.01671498,94.01425686
5.431388889,12,0.263466667,749.3333333,2664.187962,0.07504174,157.3573876,0.040691946,238.2172211,582.5503222,0.017216269,57.20207418
5.703055556,12,0.269266667,777.3333333,2712.539464,0.069707586,190.0902156,0.040289797,242.6838364,582.5571586,0.01308599,44.76883157
5.974722222,12,0.277533333,804.6666667,2733.678767,0.073388445,49.24358189,0.040927755,244.834865,562.0814574,0.023915605,105.556974
6.246111111,12,0.2871,833.6666667,2743.758557,0.067142222,236.512936,0.041866733,249.4836891,548.569974,0.032722122,104.9595706
6.517777778,12,0.293933333,852.3333333,2741.781393,0.029115194,-37.94631738,0.043883419,252.6693052,529.5400067,0.031206704,250.6566511
6.789444444,12,0.301433333,862.3333333,2710.790504,0.02925175,62.81456746,0.04523068,250.6906017,499.9452041,0.011426642,101.4439918
7.060833333,12,0.306666667,873.6666667,2702.66485,0.025200982,-20.35862593,0.045242765,251.8811448,495.6743193,0.024030266,55.70285825
7.3325,12,0.310733333,886,2708.955048,0.035520225,43.25387753,0.044341115,253.0658676,499.0157886,0.017944698,49.38742304
7.603888889,12,0.317933333,899,2691.386493,0.054803624,-65.86545308,0.04544243,252.6796391,479.8677736,0.003075439,90.23818004
7.875555556,12,0.319166667,886.6666667,2649.406786,0.049795319,-1.843036304,0.044900495,244.4315401,457.3008678,0.018440186,59.51301492
8.147222222,12,0.3202,901,2684.019722,0.017100052,-124.3548632,0.043455073,249.054211,478.3908355,0.01377303,54.85707433
8.418611111,12,0.3224,897.3333333,2659.020894,0.041559589,-25.35679594,0.042459746,245.18723,473.1483334,0.003858854,116.7936268
8.690277778,12,0.324966667,899.6666667,2648.355183,0.029193414,-177.0158381,0.041910394,243.350456,469.321674,0.007580961,101.2565789
8.961944444,12,0.3292,892.3333333,2597.065602,0.038635931,-64.86455831,0.041278364,237.6729779,453.4459642,0.005342809,64.99925243
9.233333333,12,0.331766667,889.6666667,2566.720072,0.030186586,-147.7791886,0.042781084,238.8418817,447.5059924,0.006203425,33.24035019
9.505,12,0.334333333,878.6666667,2519.208661,0.013817926,-15.66666441,0.042535841,232.3362028,429.90694,0.008993435,48.42793361
9.776666667,12,0.337533333,880.3333333,2498.491663,0.029676367,-183.0388471,0.043096803,234.7121168,433.3588637,0.007320631,70.05422551
10.04805556,12,0.341366667,860.6666667,2420.682017,0.021393637,-167.7585135,0.043366513,223.3363184,398.5846026,0.009168194,47.95890739
10.31972222,12,0.343633333,847.6666667,2366.652109,0.01789789,-132.955977,0.043519127,221.8350238,396.6287164,0.004259339,46.14345223
10.59111111,12,0.3467,842.6666667,2332.675147,0.000371891,-179.8519776,0.044189856,219.3401721,384.7002703,0.023828206,96.58702886
10.86277778,12,0.347833333,836,2306.524905,0.026630072,-181.1058974,0.043943537,218.5840799,387.6857686,0.008964863,73.37247924
11.13444444,12,0.3509,820,2243.518168,0.002407157,-149.5968915,0.044141137,213,372.0681697,0.011035337,52.63632107
11.40583333,12,0.3521,805.3333333,2197.17908,0.015174654,-126.7518533,0.044311737,207.6738897,358.992102,0.001155649,33.72176903
11.6775,12,0.352233333,792.3333333,2161.199385,0.009426801,-160.9737019,0.046036809,203.1685124,339.6315538,0.013309516,75.59123793
11.94916667,12,0.355166667,769.6666667,2084.233482,0.007039955,-111.6462683,0.046000374,194.869472,320.5540781,0.003535439,49.3186778
12.22055556,12,0.356033333,759,2049.817625,0.009273446,-249.977178,0.046797092,192.5486951,312.8446527,0.003873226,92.5977782
12.49222222,12,0.358166667,736.3333333,1979.043917,0.018701626,-216.5568907,0.047366174,184.1777523,291.6908548,0.006767228,101.3394094
12.76388889,12,0.358,728,1958.364718,-0.008682709,-139.3258538,0.04784771,181.0082871,281.8742639,0.008464722,71.65018447
13.03527778,12,0.359333333,710.3333333,1907.183805,-0.002538473,-191.0443418,0.048511213,172.7284317,258.0890169,0.003419859,32.12301425
13.30694444,12,0.360933333,695.6666667,1858.452188,0.003035385,-231.7601992,0.048932652,170.3812718,254.85457,0.02259816,123.3203103
13.57861111,12,0.362233333,682.6666667,1819.702453,-0.002926706,-183.5307818,0.048975311,164.3830216,240.4208303,0.028160392,37.1762872
13.85,12,0.3635,655.3333333,1747.212544,-0.013620038,-133.283723,0.049471911,150.6666667,204.7902971,0.019478286,34.60899829
14.12166667,12,0.363633333,631.3333333,1684.063203,-0.021951291,-159.1918247,0.049601086,143.6956661,192.3633539,0.011751545,64.74313506
14.39305556,12,0.3624,617.3333333,1654.849339,-0.029466348,-193.6482088,0.049559157,137.6969297,178.3303211,0.012094273,54.63711969
14.66472222,12,0.3651,588.6666667,1569.573414,-0.009121324,-158.2889577,0.049007652,127.380445,160.0019565,0.007832438,24.12355197
14.93638889,12,0.3622,570.3333333,1535.567508,-0.014123702,-133.6341131,0.049306626,120.7343273,144.3297067,0.010066335,32.00298532
15.20777778,12,0.360333333,554.6666667,1503.676149,-0.00713349,-121.8040119,0.048495578,114.3857994,133.8705141,0.019366579,54.01992913
15.47944444,12,0.360133333,540.6666667,1467.078257,-0.019441119,-131.7532237,0.048618595,110.9178875,127.4378079,0.012706064,24.73898513
15.75111111,12,0.356833333,517.3333333,1418.681878,-0.003969328,-61.16838741,0.046767558,103.2833212,119.497705,0.0026939,36.90529417
16.0225,12,0.3549,501.3333333,1383.95888,0.008895699,-29.51120407,0.045654828,97.77582069,112.4308761,0.01308872,34.22291485
16.29416667,12,0.3546,488.3333333,1351.613805,0.034652696,7.701509178,0.04440304,91.75571432,102.7728246,0.013681193,4.07261188
16.56583333,12,0.351166667,473.3333333,1324.052377,0.059044549,9.308824748,0.04428545,87.75977312,95.3529165,0.019332787,5.369494421
16.83722222,12,0.3502,458.6666667,1288.699294,0.081903815,46.60458756,0.043908541,82.43246394,85.17653791,0.034625162,28.39255205
17.10888889,12,0.349433333,447.3333333,1259.68374,0.102332382,137.0966699,0.043724682,80.28352536,83.29504857,0.052433015,61.25689888
