time,n_source,od,fluorescence,phi,growth_rate,production_rate
0,Ace,0.078633333,6,76.30618636,0.077599545,24.65457943
0.3425,Ace,0.077433333,12,155.0087353,-0.021816129,-12.54170116
0.685,Ace,0.0764,14,183.4516337,-0.062672542,11.64170522
1.0275,Ace,0.0765,15.33333333,200.9379447,0.110142008,0.508025133
1.37,Ace,0.0778,16,206.4194921,-0.003607216,12.54170116
1.7125,Ace,0.0796,16.66666667,210.1517157,-0.097980933,-11.62767037
2.055,Ace,0.0785,16.66666667,212.8639204,-0.023360577,24.0602595
2.397222222,Ace,0.0778,17,219.3627064,-0.010068208,-26.0750508
2.739722222,Ace,0.0802,16.33333333,204.27962,-0.026097572,13.27743533
3.082222222,Ace,0.079566667,16.66666667,210.52267,0.003368975,0
3.424722222,Ace,0.077566667,17,219.5954763,-0.073752121,11.89775073
3.767222222,Ace,0.075,17.33333333,231.4370348,0.027556396,0.595894251
4.109722222,Ace,0.077433333,17,219.942847,0.163902687,12.78783713
4.452222222,Ace,0.0749,16.66666667,222.5734356,-0.066711178,-12.49340192
4.794722222,Ace,0.0741,17.33333333,234.1648113,-0.080120418,25.79266992
5.137222222,Ace,0.074233333,17,229.1240987,0.000973738,-12.32773983
5.479722222,Ace,0.0778,17.66666667,227.6940376,-0.012312721,10.76837897
5.822222222,Ace,0.077066667,17,221.4619702,0.063122574,0
6.164722222,Ace,0.0767,17.66666667,230.6875339,-0.07180602,-12.54170116
6.507222222,Ace,0.073266667,17.66666667,241.1736397,-0.009641902,0
6.849444444,Ace,0.075933333,17.66666667,233.8433646,0.032561456,11.94154613
7.191944444,Ace,0.0754,18.33333333,244.0770346,-0.005216381,1.615497059
7.534444444,Ace,0.0764,18,235.7211966,-0.057286964,-0.698991635
7.876944444,Ace,0.075666667,17.66666667,233.737389,-0.017775908,0
8.219444444,Ace,0.0743,17.66666667,238.4173661,-0.050143548,0
8.561944444,Ace,0.074166667,17.66666667,238.6362926,0.002471545,0
8.904444444,Ace,0.075133333,18,239.7894427,-0.021492268,0
9.246944444,Ace,0.0744,18.33333333,246.6956213,0.032486199,0
9.589444444,Ace,0.072733333,18,247.9054154,0.063489895,13.94356782
9.931944444,Ace,0.0718,18,251.0403945,-0.098562557,13.25934618
10.27444444,Ace,0.070133333,18,256.9565971,-0.095969858,-27.66709103
10.61694444,Ace,0.0709,18,254.5256722,0.074981241,0
10.95944444,Ace,0.073433333,17.66666667,241.2645779,-0.125333513,25.67909505
11.30194444,Ace,0.072533333,18.33333333,252.8700686,0.019989751,-12.81679504
11.64444444,Ace,0.0698,18.66666667,267.7322528,0.030326465,13.2955739
11.98666667,Ace,0.0692,18.33333333,265.270712,0.030467494,0
12.32916667,Ace,0.070633333,18.33333333,261.2393185,0.040843892,0
12.67166667,Ace,0.067466667,18.33333333,271.9880796,-0.02709071,124.4643143
13.01416667,Ace,0.070066667,18,256.9210505,0.079014948,15.23899917
13.35666667,Ace,0.068233333,18.66666667,273.6899864,0.049180298,-4.156257655
13.69916667,Ace,0.0697,18.66666667,268.209868,0.061331254,-121.485771
14.04166667,Ace,0.0712,18.66666667,262.3950307,-0.048519003,27.62203651
14.38416667,Ace,0.067233333,18.66666667,277.7531891,-0.037632364,-14.92693266
14.72666667,Ace,0.0722,28.33333333,393.0480765,-0.055631169,12.82260882
15.06916667,Ace,0.072733333,19,261.4790909,0.061691335,-12.91811637
15.41166667,Ace,0.0743,19,256.2527257,0.162854335,0
15.75416667,Ace,0.0721,19.33333333,268.5716498,-0.214418578,-13.04605911
16.09666667,Ace,0.071266667,19.33333333,272.0746919,0.021040861,12.94196821
16.43916667,Ace,0.070933333,19.66666667,278.0762001,-0.035286111,-15.01907422
16.78138889,Ace,0.0767,19.33333333,252.1164432,0.070904693,37.85309445
17.12388889,Ace,0.072366667,19.33333333,268.0723321,0.061543412,-12.95920119
17.46638889,Ace,0.0718,19.33333333,269.6706661,0.033417404,-0.447237708
17.80888889,Ace,0.0709,18.66666667,264.3578936,-0.089670729,0.817180366
18.15138889,Ace,0.0713,19.66666667,277.062939,-0.014692795,-0.655702538
18.49388889,Ace,0.073733333,20,272.0233285,0.063526748,0
18.83638889,Ace,0.074666667,19.33333333,259.3055675,0.115808769,0
19.17888889,Ace,0.075866667,20,264.1671054,-0.118023235,13.68827018
19.52138889,Ace,0.071766667,19.33333333,269.9953931,0.091078223,0
19.86388889,Ace,0.072533333,19.66666667,271.878368,NA,NA
20.20638889,Ace,0.076566667,19.66666667,256.8635431,NA,NA
20.54888889,Ace,0.076333333,20,262.8216711,NA,NA
20.89138889,Ace,0.073633333,20,272.168151,NA,NA
21.23388889,Ace,0.0774,19.66666667,254.4582127,NA,NA
21.57611111,Ace,0.0745,20,268.9636354,NA,NA
0,Ace caa,0.089,6.666666667,74.89237662,0.008660803,21.81168157
0.3425,Ace caa,0.083433333,13,155.8241497,0.003541578,11.64157906
0.685,Ace caa,0.082933333,14.66666667,176.8805852,0.073187398,0
1.0275,Ace caa,0.0829,16.33333333,197.017573,-0.011643511,-11.89775073
1.37,Ace caa,0.083466667,17,203.7060393,-0.011971369,0
1.7125,Ace caa,0.084266667,17,201.7603955,-0.046671357,23.20201439
2.055,Ace caa,0.084066667,17.66666667,210.2596668,0.080162137,0
2.397222222,Ace caa,0.084366667,17.66666667,209.4445719,0.049437579,-34.61076877
2.739722222,Ace caa,0.085633333,17.66666667,206.3132788,0.003039563,22.60038984
3.082222222,Ace caa,0.085766667,17.66666667,206.1267977,-0.063775793,-10.98905744
3.424722222,Ace caa,0.085466667,17.66666667,206.764649,0.052099994,-11.40956635
3.767222222,Ace caa,0.0862,17.66666667,205.134788,0.005918416,0
4.109722222,Ace caa,0.0854,17.33333333,202.9680702,-0.078658096,0
4.452222222,Ace caa,0.087533333,17.66666667,202.0859064,0.185153517,11.1866208
4.794722222,Ace caa,0.087466667,17.33333333,198.2049842,-0.085126646,-0.751113591
5.137222222,Ace caa,0.087033333,17,195.3326939,-0.132579733,0.012755353
5.479722222,Ace caa,0.087766667,17,193.7958835,0.095277424,-0.074437977
5.822222222,Ace caa,0.087033333,17,195.3873061,0.082057086,11.32987206
6.164722222,Ace caa,0.088833333,17.33333333,195.322292,-0.125557024,-21.36601434
6.507222222,Ace caa,0.088,17.33333333,197.3635012,0.050918433,10.46490333
6.849444444,Ace caa,0.0887,17.33333333,195.5171523,-0.03626425,-10.52147038
7.191944444,Ace caa,0.086966667,17.66666667,203.2387251,0.017232235,10.71845826
7.534444444,Ace caa,0.086266667,17.33333333,200.9528405,0.049478287,-11.08171581
7.876944444,Ace caa,0.088633333,17,192.0732214,-0.039043387,-0.300260607
8.219444444,Ace caa,0.0865,17,196.553582,-0.028249912,11.22532883
8.561944444,Ace caa,0.087533333,17.66666667,201.8623869,0.059483435,-21.46055148
8.904444444,Ace caa,0.087866667,16.66666667,189.668164,0.040198284,22.20738985
9.246944444,Ace caa,0.085733333,17.33333333,202.2127719,0.002350237,-22.77945788
9.589444444,Ace caa,0.0884,17,192.6390125,-0.077515056,11.75418569
9.931944444,Ace caa,0.087733333,17,194.0108788,-0.074478152,-0.33173856
10.27444444,Ace caa,0.0887,17.66666667,199.1500467,0.056799363,-11.0810691
10.61694444,Ace caa,0.088666667,16.66666667,188.2327899,-0.021441569,11.47683974
10.95944444,Ace caa,0.089466667,16.33333333,182.7128427,-0.069682841,0
11.30194444,Ace caa,0.088733333,17.33333333,195.8279752,0.147088744,11.47683974
11.64444444,Ace caa,0.087833333,17,193.7797062,0.076540023,-11.58614297
11.98666667,Ace caa,0.086333333,16.66666667,193.3006771,-0.135118865,10.67144748
12.32916667,Ace caa,0.084166667,17,201.9965387,0.116471787,0.176994579
12.67166667,Ace caa,0.085266667,17,199.5331228,-0.005179734,127.4019537
13.01416667,Ace caa,0.091,17.33333333,191.0924138,0.245827971,-34.41081231
13.35666667,Ace caa,0.084133333,17.33333333,206.034878,-0.117662774,-4.806156494
13.69916667,Ace caa,0.0923,17,184.4986573,0.009676068,-101.5479885
14.04166667,Ace caa,0.0862,17.33333333,201.0600676,-0.033446558,11.53123234
14.38416667,Ace caa,0.090866667,17.66666667,195.3835681,0.127311414,9.920856368
14.72666667,Ace caa,0.096933333,27,278.5755536,-0.260979827,9.900671513
15.06916667,Ace caa,0.093333333,17,182.4795892,0.321228884,0
15.41166667,Ace caa,0.0986,16.66666667,169.5410765,-0.231026447,-19.24864841
15.75416667,Ace caa,0.091433333,17.66666667,194.2112838,-0.004198592,11.66949652
16.09666667,Ace caa,0.093433333,17.66666667,189.524984,0.052739555,-10.60169945
16.43916667,Ace caa,0.093533333,18,193.0619431,0.01167125,21.45525865
16.78138889,Ace caa,0.094,18,192.3751215,-0.159013008,0
17.12388889,Ace caa,0.092233333,17.66666667,191.7277205,0.124385217,0
17.46638889,Ace caa,0.091633333,17,185.54619,0.231066484,0
17.80888889,Ace caa,0.090566667,17.66666667,195.1373658,-0.25380432,0
18.15138889,Ace caa,0.093566667,18,192.727778,-0.033380774,0
18.49388889,Ace caa,0.0894,18,201.9594909,0.045254042,11.09733192
18.83638889,Ace caa,0.092433333,18,195.9673095,0.019106167,11.81111662
19.17888889,Ace caa,0.0952,18,189.5550492,-0.089294702,-21.20543711
19.52138889,Ace caa,0.091066667,18,198.4769815,0.019597141,20.49072757
19.86388889,Ace caa,0.091566667,18.33333333,200.7900122,0.141781958,61.39301053
20.20638889,Ace caa,0.0899,18.33333333,204.0730918,-0.005797561,79.39676364
20.54888889,Ace caa,0.096633333,18,186.6984866,-0.05627181,114.1005639
20.89138889,Ace caa,0.0928,18.66666667,202.5468156,0.008113201,41.49599997
21.23388889,Ace caa,0.0859,18.33333333,213.7037295,0.010500386,32.78985353
21.57611111,Ace caa,0.097133333,18.66666667,192.6653983,0.029021418,10.69490121
0,Gly,0.0907,5.333333333,58.75588807,0.096650492,21.6156249
0.3425,Gly,0.0864,11.33333333,131.1394895,0.095050329,11.42295786
0.685,Gly,0.0871,14,160.7403136,0.165404153,22.42153332
1.0275,Gly,0.089133333,15.33333333,172.0713153,0.088352063,0
1.37,Gly,0.092,16.33333333,177.5077734,0.162366551,31.47505624
1.7125,Gly,0.095033333,17,178.8904332,0.092389809,30.60598661
2.055,Gly,0.098866667,17.66666667,178.6853644,0.180194098,68.77607025
2.397222222,Gly,0.1028,18,175.2009441,0.107790458,142.4360325
2.739722222,Gly,0.105133333,18,171.2350295,0.142398765,176.8089163
3.082222222,Gly,0.109,18.66666667,171.2435353,0.189513588,277.1085171
3.424722222,Gly,0.1144,19.66666667,171.9131252,0.176063635,373.0873859
3.767222222,Gly,0.1187,22,185.5747006,0.183635955,433.6057455
4.109722222,Gly,0.1222,26,212.8008494,0.171342291,500.9385937
4.452222222,Gly,0.128933333,32.66666667,253.4956806,0.200283441,573.1102643
4.794722222,Gly,0.133233333,43,322.9167153,0.136553035,590.9522684
5.137222222,Gly,0.141133333,56,397.0451713,0.183271835,503.7797704
5.479722222,Gly,0.149633333,74.66666667,499.2820247,0.28243032,509.3525376
5.822222222,Gly,0.1564,96.66666667,619.4465743,0.171492066,331.9883885
6.164722222,Gly,0.165166667,121.3333333,736.3098894,0.061262542,366.2177577
6.507222222,Gly,0.172333333,149.3333333,867.5212734,0.225774607,192.8683706
6.849444444,Gly,0.1797,174.6666667,974.6078888,0.131091324,83.0119305
7.191944444,Gly,0.1952,198.3333333,1017.629889,0.117495953,21.08654382
7.534444444,Gly,0.2014,220,1095.324583,0.09425231,-36.31591043
7.876944444,Gly,0.211233333,237.3333333,1127.647244,0.129316836,-70.29604705
8.219444444,Gly,0.2181,251,1153.683536,0.125576137,-167.1863137
8.561944444,Gly,0.2297,255.3333333,1114.864116,0.120070473,-52.71971477
8.904444444,Gly,0.236933333,254.6666667,1079.286741,0.145601668,-105.0073008
9.246944444,Gly,0.2441,254.3333333,1043.10119,0.109728582,-102.1068364
9.589444444,Gly,0.253633333,247,974.8695274,0.061777503,-62.13330653
9.931944444,Gly,0.2625,240,915.4022174,0.069819748,-48.32695391
10.27444444,Gly,0.274933333,228,830.6314265,0.041772982,-72.83336462
10.61694444,Gly,0.2815,221.6666667,787.6300265,0.072882521,-29.24597349
10.95944444,Gly,0.291333333,213.6666667,735.6781491,0.041047177,-1.307489645
11.30194444,Gly,0.299866667,211,705.5777121,0.031542605,-9.331121857
11.64444444,Gly,0.304166667,203,668.685587,0.048675289,-4.832469924
11.98666667,Gly,0.3109,198.3333333,638.2833618,0.013709078,2.249301405
12.32916667,Gly,0.316466667,195.3333333,617.3325293,0.031385531,35.96446928
12.67166667,Gly,0.320766667,194.6666667,607.3915114,0.057013371,68.98103666
13.01416667,Gly,0.324966667,196,603.6332453,0.034807716,14.20210432
13.35666667,Gly,0.325866667,193.3333333,594.0960134,0.089853601,54.74884963
13.69916667,Gly,0.332933333,194.6666667,585.5813894,0.027821391,3.111322842
14.04166667,Gly,0.337733333,198.3333333,587.6861809,0.042830608,52.24699396
14.38416667,Gly,0.335566667,202.3333333,603.5576869,0.041470372,50.47057677
14.72666667,Gly,0.343366667,214.6666667,625.8007607,0.022588884,33.87050992
15.06916667,Gly,0.3507,207.6666667,592.6175306,0.059883338,42.39159157
15.41166667,Gly,0.358566667,214.6666667,599.3389698,-0.005209793,41.5376035
15.75416667,Gly,0.3618,220.3333333,609.6873528,0.029179219,24.24196692
16.09666667,Gly,0.366266667,225,614.7261053,0.021750756,45.83861016
16.43916667,Gly,0.3705,230,621.1487437,0.009052328,31.47903542
16.78138889,Gly,0.375233333,235.3333333,628.0960253,0.021413223,37.67667783
17.12388889,Gly,0.376833333,239.3333333,635.6542636,0.008299034,20.99808866
17.46638889,Gly,0.378133333,244,646.1205724,0.040131737,33.76389519
17.80888889,Gly,0.381233333,247.3333333,649.5712816,0.008614342,18.40076098
18.15138889,Gly,0.385366667,254,659.8591798,0.016906425,27.67854387
18.49388889,Gly,0.3851,256.6666667,667.4735306,0.020197693,17.85408313
18.83638889,Gly,0.3891,260.3333333,669.9209926,0.014726143,5.441187446
19.17888889,Gly,0.391,264,676.1402821,0.031863943,12.27238985
19.52138889,Gly,0.393,266.3333333,678.7243459,0.012543649,7.693969952
19.86388889,Gly,0.3951,269.6666667,683.5198339,-0.001549586,22.97480365
20.20638889,Gly,0.396533333,272.3333333,687.772443,0.005805178,12.718145
20.54888889,Gly,0.4,273,683.6738918,-0.002782482,22.7289327
20.89138889,Gly,0.403,275,683.5955886,0.021439188,12.51074061
21.23388889,Gly,0.405433333,276,682.1134861,0.021942261,9.432255093
21.57611111,Gly,0.4064,275.6666667,679.3794503,0.025356355,2.589082229
0,Glu,0.090466667,5.666666667,62.60990507,0.186093997,117.9874491
0.3425,Glu,0.092733333,12,129.4053457,0.168779932,178.6143119
0.685,Glu,0.096533333,14.66666667,151.9561568,0.210143662,292.1756301
1.0275,Glu,0.101366667,17,167.7246446,0.166899062,470.0169402
1.37,Glu,0.106066667,19,179.1373168,0.224879622,679.7799166
1.7125,Glu,0.1131,22.33333333,197.5160664,0.169349362,905.1141308
2.055,Glu,0.117633333,27.33333333,232.4775927,0.22651604,1092.73062
2.397222222,Glu,0.124733333,36,288.6281324,0.24993804,1273.045656
2.739722222,Glu,0.130833333,51.66666667,394.9958177,0.330053217,1481.95145
3.082222222,Glu,0.138,76,550.8386772,0.264799209,1389.465874
3.424722222,Glu,0.146233333,110.6666667,757.2686843,0.364183248,1458.187807
3.767222222,Glu,0.1548,155.3333333,1004.257556,0.396470936,1223.20472
4.109722222,Glu,0.1645,210.6666667,1282.075723,0.309534318,1009.505309
4.452222222,Glu,0.179133333,275.6666667,1540.289595,0.198778398,652.4071322
4.794722222,Glu,0.1961,348.3333333,1779.587799,0.144545354,343.4148668
5.137222222,Glu,0.211966667,419.3333333,1985.577396,0.111950424,85.87464033
5.479722222,Glu,0.2303,485.3333333,2113.294352,0.177266432,-117.5185168
5.822222222,Glu,0.248966667,544,2187.759494,0.132792643,-266.0884012
6.164722222,Glu,0.262366667,585,2231.771194,0.108830977,-325.5797395
6.507222222,Glu,0.269933333,608.6666667,2256.241757,0.102573474,-434.5551117
6.849444444,Glu,0.279833333,616.6666667,2206.422498,0.116383705,-446.6245095
7.191944444,Glu,0.291266667,600.6666667,2064.586168,0.090756848,-451.0813606
7.534444444,Glu,0.305066667,582.3333333,1910.703078,0.092280549,-392.3994654
7.876944444,Glu,0.3152,552,1753.058712,0.063364764,-380.085081
8.219444444,Glu,0.324433333,513.3333333,1584.497697,0.079437879,-344.928882
8.561944444,Glu,0.333766667,465,1394.828903,0.075123442,-300.1251438
8.904444444,Glu,0.344366667,422.6666667,1229.067439,0.070045692,-233.9767277
9.246944444,Glu,0.3537,380.3333333,1076.532003,0.057321563,-183.7218728
9.589444444,Glu,0.359533333,339.3333333,944.9619779,0.054581434,-148.6595516
9.931944444,Glu,0.3686,301,817.6149366,0.046940225,-113.2553644
10.27444444,Glu,0.378266667,266.3333333,704.8644913,0.03261808,-87.38934087
10.61694444,Glu,0.3858,238.3333333,618.3540766,0.042519997,-65.57051163
10.95944444,Glu,0.3929,216.3333333,551.2425369,0.031621382,-44.09309281
11.30194444,Glu,0.400066667,198.3333333,496.2128108,0.025967273,-31.73008804
11.64444444,Glu,0.4049,184.6666667,456.564374,0.032016573,-19.08397009
11.98666667,Glu,0.411066667,172.6666667,420.518056,0.017447668,-16.71050802
12.32916667,Glu,0.4161,163.3333333,392.9030113,0.01880627,-2.195191404
12.67166667,Glu,0.4203,159,378.7407169,0.018309476,32.57014049
13.01416667,Glu,0.423433333,154.6666667,365.6491329,0.03609654,-1.450981086
13.35666667,Glu,0.426033333,151.6666667,356.405004,0.041562675,7.622600269
13.69916667,Glu,0.431366667,149.3333333,346.560627,0.028425686,-8.197536342
14.04166667,Glu,0.434566667,150,345.5357488,0.019635545,8.96408224
14.38416667,Glu,0.434233333,149.3333333,344.3430482,0.020228561,13.53983592
14.72666667,Glu,0.440533333,160,363.5747179,0.021294131,13.21778668
15.06916667,Glu,0.447966667,152,339.7159306,0.012058642,21.76868115
15.41166667,Glu,0.4516,153.3333333,339.9356287,0.007088649,12.94580373
15.75416667,Glu,0.454366667,155,341.5110798,0.011345175,10.80486348
16.09666667,Glu,0.4563,157.3333333,345.2348906,0.004378014,17.00830499
16.43916667,Glu,0.459833333,159,346.1220397,0.010148072,14.89995823
16.78138889,Glu,0.4619,161.6666667,350.3788399,0.005833451,16.78157154
17.12388889,Glu,0.463666667,164,354.1244407,0.006373307,-2.117864322
17.46638889,Glu,0.465033333,166.3333333,358.073826,0.003111061,-27.52413946
17.80888889,Glu,0.465566667,168.3333333,361.9476407,0.001728733,-61.41763874
18.15138889,Glu,0.466833333,171.6666667,368.0785045,-0.009821786,-77.65487313
18.49388889,Glu,0.468033333,173.6666667,371.4499914,-0.005824023,-74.8193701
18.83638889,Glu,0.469333333,175,373.2446519,-0.011620327,-63.99943587
19.17888889,Glu,0.4708,173.3333333,368.5853151,-0.007070359,-49.38440718
19.52138889,Glu,0.4697,161.6666667,344.4967588,-0.00593863,-35.1972655
19.86388889,Glu,0.4686,146.6666667,313.2445246,-0.000145208,0.357426197
20.20638889,Glu,0.467066667,133.3333333,285.7231211,0.008799119,9.062130689
20.54888889,Glu,0.466133333,123.3333333,264.8650288,0.021252811,20.57772804
20.89138889,Glu,0.464233333,116,250.1167458,0.027841535,14.64972975
21.23388889,Glu,0.4632,110.3333333,238.3742176,0.033671886,10.49452234
21.57611111,Glu,0.461833333,107.3333333,232.6288987,0.046770726,10.57137629
0,Gly caa,0.0886,7.333333333,82.8609341,0.173954836,348.7965461
0.3425,Gly caa,0.084433333,13,153.9742745,0.266025909,610.0233892
0.685,Gly caa,0.085833333,15,174.7611175,0.35732183,861.1774354
1.0275,Gly caa,0.089266667,17,190.4579769,0.361673711,1102.063048
1.37,Gly caa,0.093233333,21,225.265753,0.511293762,1365.043079
1.7125,Gly caa,0.0992,31.33333333,315.8559997,0.572930377,1618.684
2.055,Gly caa,0.1062,49,461.3656779,0.674814171,1803.820915
2.397222222,Gly caa,0.116866667,74.33333333,636.1998003,0.765635468,2055.688994
2.739722222,Gly caa,0.127466667,107.3333333,842.0848841,0.645553762,2352.035044
3.082222222,Gly caa,0.1427,151.3333333,1060.617507,0.69450762,2067.379504
3.424722222,Gly caa,0.164166667,203.3333333,1239.165159,0.4363958,2111.363268
3.767222222,Gly caa,0.192866667,268.3333333,1392.518988,0.381092341,1517.425609
4.109722222,Gly caa,0.2175,357,1642.007199,0.221854117,1025.509131
4.452222222,Gly caa,0.2495,447.3333333,1794.819185,0.149085754,150.9792575
4.794722222,Gly caa,0.280633333,564.6666667,2013.515022,0.135255648,-170.832615
5.137222222,Gly caa,0.310666667,686,2208.886487,0.099755878,-465.3097556
5.479722222,Gly caa,0.331533333,798,2407.550041,0.021606944,-677.6018882
5.822222222,Gly caa,0.351333333,876.6666667,2495.464135,0.032115363,-667.6055325
6.164722222,Gly caa,0.3649,901.3333333,2470.471329,0.040012137,-621.9488115
6.507222222,Gly caa,0.3744,872.6666667,2330.214351,0.015329087,-465.8403689
6.849444444,Gly caa,0.384366667,812,2110.786616,0.023709844,-340.3407624
7.191944444,Gly caa,0.392566667,730.6666667,1859.919882,0.009367041,-313.7572249
7.534444444,Gly caa,0.393966667,640.6666667,1625.2978,0.041314233,-190.3423261
7.876944444,Gly caa,0.3959,565,1425.394418,-2.90E-05,-145.6118726
8.219444444,Gly caa,0.397133333,512,1287.44462,0.013340251,-84.44352789
8.561944444,Gly caa,0.399333333,456.6666667,1141.907887,0.016207603,-16.39836402
8.904444444,Gly caa,0.403166667,421,1042.864176,0.020714611,20.09374114
9.246944444,Gly caa,0.405033333,392.3333333,967.2620327,0.008274139,74.09302231
9.589444444,Gly caa,0.4038,371.3333333,918.5993399,0.005673222,101.6269641
9.931944444,Gly caa,0.407366667,361.6666667,887.1128225,-0.002306434,105.3784955
10.27444444,Gly caa,0.410833333,357.6666667,870.1587516,-0.012714202,90.26959624
10.61694444,Gly caa,0.412266667,360.6666667,874.5954941,-0.005166045,89.97264894
10.95944444,Gly caa,0.4134,372.6666667,901.3190949,-0.001182049,101.3015097
11.30194444,Gly caa,0.415166667,389.3333333,937.7142422,0.004000568,93.64880054
11.64444444,Gly caa,0.413733333,402.3333333,972.5168641,0.003471762,-20.47564653
11.98666667,Gly caa,0.412166667,415.3333333,1007.895946,0.005429982,14.75204601
12.32916667,Gly caa,0.412366667,427,1035.696731,-0.00710695,-45.18573809
12.67166667,Gly caa,0.412766667,442.3333333,1071.815841,-0.005016189,60.5977692
13.01416667,Gly caa,0.412366667,459,1113.252744,0.001522198,-21.61262204
13.35666667,Gly caa,0.413466667,465.6666667,1126.441346,0.008256902,-8.314825211
13.69916667,Gly caa,0.414333333,462,1116.084685,0.006669382,10.84990803
14.04166667,Gly caa,0.415166667,452.3333333,1090.76183,-0.002346422,42.24659335
14.38416667,Gly caa,0.4118,444.3333333,1079.726923,0.002397166,40.28446763
14.72666667,Gly caa,0.413033333,452.3333333,1095.268136,-0.004165111,23.83066951
15.06916667,Gly caa,0.414833333,446.6666667,1076.717371,-0.003288444,16.44850744
15.41166667,Gly caa,0.415,454.3333333,1094.618925,-0.000949293,5.06231423
15.75416667,Gly caa,0.415,462.3333333,1113.861514,-0.004830193,-11.5226579
16.09666667,Gly caa,0.4154,468.3333333,1127.204283,-0.008175361,-14.10772113
16.43916667,Gly caa,0.415066667,471,1134.479747,-0.007700806,-11.43425861
16.78138889,Gly caa,0.414233333,474.3333333,1144.8488,-0.006828379,-25.6362358
17.12388889,Gly caa,0.4141,475.3333333,1147.634324,-0.012247152,-39.86246045
17.46638889,Gly caa,0.413666667,472.6666667,1142.415461,-0.00535372,-30.68964899
17.80888889,Gly caa,0.412233333,470.6666667,1141.580766,-0.006118688,-42.31400333
18.15138889,Gly caa,0.411466667,470.6666667,1143.676132,-0.007817188,-40.22932133
18.49388889,Gly caa,0.409733333,465,1134.691263,-0.011659406,-40.05109929
18.83638889,Gly caa,0.4088,459.6666667,1124.264053,-0.006646274,-45.27695093
19.17888889,Gly caa,0.407933333,454.6666667,1114.406923,-0.006914913,-45.29947727
19.52138889,Gly caa,0.406666667,449.6666667,1105.534139,-0.005044539,-43.24627538
19.86388889,Gly caa,0.405466667,444.6666667,1096.566724,-0.021713204,-10.11247356
20.20638889,Gly caa,0.404033333,438.6666667,1085.644589,-0.010057366,4.509019479
20.54888889,Gly caa,0.4034,431,1068.362186,0.008286457,24.23342947
20.89138889,Gly caa,0.402033333,425,1057.034438,0.029290576,9.768827445
21.23388889,Gly caa,0.4012,418.3333333,1042.634634,0.039510552,17.01320368
21.57611111,Gly caa,0.399433333,413.6666667,1035.606969,0.062773682,39.15737697
0,Glu caa,0.084,6.666666667,79.30451567,0.590403984,2676.250333
0.3425,Glu caa,0.0887,13,146.5947504,0.726824296,3273.5772
0.685,Glu caa,0.0956,20.33333333,212.666849,0.715836365,3762.795165
1.0275,Glu caa,0.104,53.66666667,515.982133,0.948078556,4132.619742
1.37,Glu caa,0.116133333,110.6666667,952.6034271,0.865653718,4216.219563
1.7125,Glu caa,0.131966667,185,1401.901512,0.694804745,3827.786158
2.055,Glu caa,0.1537,286,1861.786684,0.57221915,2856.546788
2.397222222,Glu caa,0.181466667,405.3333333,2233.731843,0.462971663,2319.163323
2.739722222,Glu caa,0.212,553.6666667,2615.675425,0.304485626,1395.979601
3.082222222,Glu caa,0.246733333,733,2975.956016,0.227192783,917.8500263
3.424722222,Glu caa,0.281933333,901,3202.305972,0.189638042,317.7025687
3.767222222,Glu caa,0.3111,1074.666667,3460.418959,0.13438759,-163.3091175
4.109722222,Glu caa,0.338066667,1200.666667,3557.952415,0.13497395,-275.4613801
4.452222222,Glu caa,0.3603,1316.666667,3661.930569,0.098971281,-646.2743399
4.794722222,Glu caa,0.379066667,1388.333333,3671.540374,0.118928594,-599.9207384
5.137222222,Glu caa,0.3975,1420.333333,3583.500019,0.059652765,-816.2273692
5.479722222,Glu caa,0.413966667,1419,3437.983553,0.07260427,-968.1597954
5.822222222,Glu caa,0.425333333,1366,3227.37343,0.077078286,-860.7541498
6.164722222,Glu caa,0.442833333,1298.333333,2948.133398,0.058906683,-658.6653281
6.507222222,Glu caa,0.4518,1203.666667,2682.98146,0.05749628,-543.7688487
6.849444444,Glu caa,0.462966667,1095.333333,2385.346425,0.055364316,-551.7400171
7.191944444,Glu caa,0.473366667,963.3333333,2055.848741,0.046236122,-413.1496887
7.534444444,Glu caa,0.4841,839.3333333,1755.603136,0.051548823,-292.6051155
7.876944444,Glu caa,0.493066667,729,1498.388108,0.04237299,-241.4720445
8.219444444,Glu caa,0.5029,627,1263.388081,0.04010435,-188.0026044
8.561944444,Glu caa,0.511466667,545,1079.367538,0.034412073,-132.432872
8.904444444,Glu caa,0.5197,486,946.7966207,0.027289103,-98.6428623
9.246944444,Glu caa,0.527333333,439.3333333,843.7135851,0.02285418,-56.28916373
9.589444444,Glu caa,0.534133333,401.3333333,760.3794957,0.020838895,-60.42749498
9.931944444,Glu caa,0.541333333,370.6666667,692.7145605,0.009132877,-133.5634985
10.27444444,Glu caa,0.547866667,345.3333333,637.0476015,-0.002873184,-141.3285395
10.61694444,Glu caa,0.552966667,329.3333333,601.2061519,-0.002434789,-105.1970273
10.95944444,Glu caa,0.557,321,580.9879933,0.000401797,-80.98110488
11.30194444,Glu caa,0.5608,310.6666667,558.3308964,-0.006136989,-84.94987803
11.64444444,Glu caa,0.562533333,294.3333333,527.733268,-0.005348701,-85.08571282
11.98666667,Glu caa,0.562666667,273.3333333,490.0317238,-0.010399603,-74.42439704
12.32916667,Glu caa,0.562866667,249.3333333,446.7835724,-0.007139926,-51.30704088
12.67166667,Glu caa,0.562166667,225.6666667,404.5601055,-0.007523636,-21.30183662
13.01416667,Glu caa,0.5597,204.3333333,367.6555352,-0.002799721,-25.79051964
13.35666667,Glu caa,0.557533333,187,337.5184446,0.004780266,-18.45882485
13.69916667,Glu caa,0.557133333,174.6666667,315.1515098,0.001397957,-30.28502084
14.04166667,Glu caa,0.555966667,166,299.9667385,-0.000672931,-7.249241839
14.38416667,Glu caa,0.5518,160.6666667,292.3924027,-0.000827379,-7.314872158
14.72666667,Glu caa,0.553566667,166.6666667,302.2187956,-0.001869567,-1.837698622
15.06916667,Glu caa,0.5541,154,278.9693992,-6.00E-05,-1.780201225
15.41166667,Glu caa,0.554733333,151.3333333,273.7619488,0.001253181,1.691113831
15.75416667,Glu caa,0.5541,150.3333333,272.2221172,0.001721871,1.665312006
16.09666667,Glu caa,0.554133333,149.3333333,270.3544944,-0.003791597,1.642505159
16.43916667,Glu caa,0.553666667,149,269.9593261,-0.001419939,-1.778899671
16.78138889,Glu caa,0.5539,149.6666667,271.0709172,-0.001896686,3.444957524
17.12388889,Glu caa,0.554266667,149.3333333,270.2228338,0.000560609,3.493108938
17.46638889,Glu caa,0.554633333,149,269.4134505,-0.001958929,6.956583575
17.80888889,Glu caa,0.553866667,149.6666667,270.9471352,0.00071195,7.031917027
18.15138889,Glu caa,0.553466667,150,271.7570675,-0.002795461,1.782157132
18.49388889,Glu caa,0.553166667,150.3333333,272.4677258,0.001281158,8.780256902
18.83638889,Glu caa,0.552966667,151.6666667,274.9901097,-0.00476885,6.957993155
19.17888889,Glu caa,0.552966667,152.3333333,276.1480443,-0.0004483,12.35099306
19.52138889,Glu caa,0.552833333,153,277.4096128,-0.002448314,3.572440763
19.86388889,Glu caa,0.552866667,154.6666667,280.4365857,0.012847369,19.48945665
20.20638889,Glu caa,0.552166667,155.6666667,282.5841732,0.023738644,17.37995172
20.54888889,Glu caa,0.551833333,157.3333333,285.7609261,0.039597842,29.83937679
20.89138889,Glu caa,0.551633333,158.6666667,288.2897232,0.049135929,73.98436179
21.23388889,Glu caa,0.5514,160.3333333,291.4758242,0.066556645,158.2184993
21.57611111,Glu caa,0.550866667,162.3333333,295.4110184,0.09680971,225.1811329
