time,Hg,od,fluorescence,phi,growth_rate,production_rate,od_se,fluorescence_se,phi_se,growth_rate_se,production_rate_se
0,0,0.010122222,7.444444444,729.1962789,4.53656475,-89.21913718,0.000564894,1.788164104,170.709752,0.66827808,130.4392017
0.270833333,0,0.012433333,5.333333333,429.1096264,4.882465316,190.3098573,0.00052731,0.866025404,68.84681665,0.598944805,67.37278641
0.541666667,0,0.018222222,6.777777778,373.3358975,3.526554608,69.16340715,0.00026811,1.244742028,68.92936897,0.454604857,47.50314155
0.812222222,0,0.026377778,7,268.5969265,2.65987641,16.41585757,0.000687745,1.509230856,59.1486787,0.379303439,55.24935874
1.083055556,0,0.038866667,7.666666667,201.6697964,1.859332868,-55.49840063,0.000922406,1.67497927,46.32007906,0.222057866,22.5221691
1.353888889,0,0.0514,7.888888889,152.1114213,1.337269657,48.12364871,0.000853099,1.821510701,34.33282979,0.122421403,27.18572172
1.624722222,0,0.064733333,8.111111111,124.156043,1.152619049,12.27327254,0.000859748,1.903537967,28.27873907,0.055922676,27.71640576
1.895555556,0,0.080522222,8.666666667,105.2585871,0.923543743,-19.57306882,0.00151252,1.848422751,20.73866048,0.046957205,17.37655542
2.166388889,0,0.098255556,8.555555556,84.35037232,0.678287712,9.293221975,0.002274625,1.871653392,16.58044738,0.085335249,12.37298941
2.436944444,0,0.119388889,8.222222222,66.42685467,0.565298136,5.585177257,0.00302069,1.869178205,13.53414584,0.042400381,9.663732305
2.707777778,0,0.142622222,8.222222222,54.75999305,0.414756851,25.71443404,0.004384689,2.203392446,13.30257229,0.049562848,17.40465679
2.978611111,0,0.166466667,8.555555556,49.37680547,0.317889993,13.35691623,0.00530605,1.965756224,9.95890026,0.022826887,23.66544849
3.249444444,0,0.189255556,9.111111111,46.05724723,0.237313894,-0.604653496,0.006685081,2.07126132,8.979349771,0.011029923,24.88624725
3.520277778,0,0.207266667,8.777777778,40.26030447,0.209019436,14.85564987,0.007966771,2.07349529,8.203579581,0.016371342,18.6477057
3.790833333,0,0.225433333,9.222222222,38.92907692,0.158532339,5.774331855,0.009630103,1.956312985,6.643665497,0.006846657,16.46317528
4.061666667,0,0.241822222,9.666666667,38.12207433,0.138313365,6.781522382,0.011208575,1.848422751,5.529326996,0.007830982,15.86021716
4.3325,0,0.254977778,9.888888889,37.02620679,0.115214712,-1.036555143,0.012489682,1.798490451,4.91955373,0.008261777,11.60766087
4.603333333,0,0.263933333,9.666666667,34.79404137,0.11434946,9.558739047,0.012615004,1.92930615,5.312490513,0.010900983,4.209866027
4.874166667,0,0.276144444,10.77777778,37.36277055,0.092089257,0.553162797,0.013735357,1.824050573,4.390007115,0.008379019,5.32478973
5.145,0,0.285888889,13.66666667,44.841004,0.089620075,-1.294753581,0.014251856,3.086709863,7.914119495,0.006653759,5.646407001
5.415555556,0,0.295277778,11.55555556,37.40740605,0.078042779,7.070243718,0.015199304,1.958678063,4.357173009,0.002844419,6.97578159
5.686388889,0,0.303855556,11.66666667,36.57207248,0.057410735,3.277083475,0.016178107,2.108185107,4.639260494,0.009276294,5.935842158
5.957222222,0,0.311466667,14.77777778,44.70245507,0.06073039,2.542276618,0.016856799,3.072177014,6.914915852,0.006726798,6.260284535
6.228055556,0,0.318288889,12.77777778,38.4660495,0.053382475,3.996956476,0.017854345,2.080182803,4.110051875,0.005330682,6.232271864
6.498888889,0,0.325766667,13.11111111,38.32706606,0.049815483,-0.917948969,0.018432761,2.31207245,4.544945442,0.007691871,4.935842138
6.769444444,0,0.331355556,12.77777778,36.67621791,0.038688828,-0.422757591,0.018769065,2.332010207,4.601593747,0.005054023,6.35181792
7.040277778,0,0.337522222,13.55555556,38.43861403,0.040234941,3.762258996,0.019519284,2.230539989,4.145371092,0.0045049,6.595417195
7.311111111,0,0.342877778,13.44444444,37.57318208,0.033961602,1.172878532,0.02006166,2.148068325,3.779314536,0.004864806,7.330461456
7.581944444,0,0.348366667,14.55555556,39.99395942,0.025128735,0.37732058,0.020696524,2.415868323,4.262474298,0.009637733,6.408438342
7.852777778,0,0.352466667,14,37.9161855,0.012427834,4.845948169,0.020975462,2.34520788,4.087814006,0.007618237,8.847194293
8.123611111,0,0.356388889,14.11111111,37.49296936,0.008258724,2.99084517,0.020603468,2.663771577,4.896654349,0.007634742,9.782464652
8.394166667,0,0.358988889,14.44444444,38.45620862,-0.002183638,7.026214786,0.020748671,2.41011244,4.192247755,0.006721198,8.808260094
8.665,0,0.3614,13.55555556,35.40271437,-0.007998103,7.956257435,0.021089439,2.713705498,5.094149657,0.008016251,6.772042346
8.935833333,0,0.3631,13.66666667,35.70074184,-0.005654568,-2.961301248,0.021968873,2.511086529,4.430862387,0.005060681,6.129156716
9.206666667,0,0.363522222,13.77777778,35.46081824,-0.006026394,0.32568669,0.022823847,2.846917328,5.048548405,0.005331436,6.836772093
9.4775,0,0.363055556,15,39.16618473,-0.002781788,7.661312135,0.023266775,2.677063067,4.416175207,0.002873353,4.764088592
9.748333333,0,0.363177778,15,38.59838099,-0.002681647,-3.51918117,0.023910857,3.100179206,5.393284755,0.002579819,6.059406082
10.01888889,0,0.3635,15,39.08672411,0.005333607,-5.796063174,0.024553807,2.671869924,4.266405023,0.005406429,5.435151009
10.28972222,0,0.363822222,16.77777778,42.20371487,0.005886265,7.058922497,0.025138598,4.061259307,7.362703036,0.005435361,6.969084609
10.56055556,0,0.3636,17.77777778,45.17565429,0.000602408,-1.241857204,0.025315443,3.981825997,7.020797403,0.00203615,4.873172514
10.83138889,0,0.364211111,17,42.84235953,0.006162302,1.943010283,0.025768534,4.006938427,7.129545928,0.005978848,5.946077729
11.10222222,0,0.364188889,17.22222222,43.76181304,0.007859517,2.172387643,0.025877239,3.792455148,6.572923091,0.004863986,5.075371661
11.37277778,0,0.364833333,17.55555556,44.1654831,0.004575452,5.207404106,0.026257882,4.123479892,7.297972635,0.006869567,5.802482589
11.64361111,0,0.364311111,17.55555556,44.36523427,0.006492666,-0.87238487,0.026025092,4.048700447,7.153694184,0.008266476,5.39166671
11.91444444,0,0.364455556,18.33333333,46.41019062,0.002476474,-4.335199453,0.026290694,4.096068576,6.997951596,0.002247429,4.191731697
12.18527778,0,0.365088889,17.55555556,44.28712957,0.007005319,4.203014181,0.026581982,3.958503895,6.755288417,0.004615827,5.141184073
12.45611111,0,0.366177778,17.33333333,43.87814131,0.005154946,0.340730703,0.027270073,3.704351795,5.996938997,0.002923211,5.166142106
12.72694444,0,0.366655556,17.55555556,44.09027976,0.006171984,5.787148234,0.027609565,3.962010962,6.709172504,0.003559526,6.190460041
12.9975,0,0.366777778,18.22222222,45.92419725,-0.000723355,-3.000008425,0.027710521,3.974843735,6.550956798,0.004755397,3.510838489
13.26833333,0,0.368166667,18.11111111,45.13185299,0.00505776,-3.780526442,0.028474467,4.171478703,6.919359872,0.003662752,3.714823581
13.53916667,0,0.369711111,18.22222222,45.50934267,NA,NA,0.029297087,3.964347283,6.28628588,NA,NA
13.81,0,0.369288889,18.11111111,45.11551419,NA,NA,0.029008684,4.080592429,6.661859418,NA,NA
14.08083333,0,0.370844444,19,46.8752718,NA,NA,0.029695604,4.422166387,7.286280537,NA,NA
14.35138889,0,0.371722222,18,44.39684304,0.015520401,-3.380035093,0.030047725,4.109609335,6.6616943,0.00928213,7.462409865
14.62222222,0,0.372211111,18.77777778,46.16163024,0.024888474,5.726178489,0.030281959,4.345424726,6.978166676,0.010224406,7.470679644
14.89305556,0,0.372611111,19.55555556,48.34890342,0.036670102,2.548944384,0.0305198,4.336893125,6.708995006,0.012258353,5.199144544
15.16388889,0,0.373666667,18.77777778,46.03441649,0.052381774,6.402425722,0.030991733,4.322993362,6.868503223,0.014249605,2.615994362
15.43472222,0,0.373344444,18.44444444,45.21616528,0.072117042,8.255713464,0.030811678,4.256077717,6.711149744,0.018861902,4.204269265
15.70555556,0,0.374222222,19.33333333,47.31798122,0.093312408,4.639255696,0.031201575,4.434711565,7.001925622,0.01902486,5.085911126
0,1,0.011255556,7.666666667,717.764961,5.766546805,698.3681069,0.000600257,1.58113883,160.2687201,1.245425745,324.7533242
0.270833333,1,0.013911111,5.888888889,421.6443323,6.036899424,1110.647698,0.0004965,1.059932446,73.47738221,1.074886205,425.0156945
0.541666667,1,0.019766667,10.66666667,546.0212133,5.019342668,182.8388274,0.000635085,1.374368542,75.94061014,0.875276652,234.8383692
0.812222222,1,0.029222222,16.55555556,572.138023,3.808070065,197.0746607,0.000791233,1.937288419,70.99325433,0.563120795,70.35537275
1.083055556,1,0.042555556,22.77777778,541.012071,2.57071695,-14.73624725,0.001056476,2.686270534,68.85438861,0.294272987,93.04096146
1.353888889,1,0.058933333,25.88888889,437.2595319,1.996965958,55.69202435,0.001134068,3.020506049,48.71320129,0.151600296,60.65783685
1.624722222,1,0.078622222,27.55555556,349.3241816,1.422651291,17.62197676,0.001016773,3.014368881,37.17445646,0.101434353,36.04929179
1.895555556,1,0.103077778,28.77777778,277.3275723,1.000436969,16.33971912,0.001715839,3.247981329,29.07819546,0.115704272,24.48325315
2.166388889,1,0.134022222,28.22222222,209.3661034,0.772138842,42.0253224,0.002049646,3.402522666,23.83585187,0.07223793,22.80546082
2.436944444,1,0.171766667,29.55555556,171.0933796,0.409479969,29.95599981,0.003162234,3.023569961,16.15397992,0.088935573,11.15432178
2.707777778,1,0.211066667,29.77777778,140.0645269,0.356924326,14.17653881,0.004450843,3.204934467,13.88084746,0.036096125,18.82230915
2.978611111,1,0.248977778,30.33333333,120.8546134,0.254095198,28.64154746,0.006290243,3,10.4039877,0.027364959,21.08132431
3.249444444,1,0.281122222,30.33333333,107.1157473,0.171958337,3.375922061,0.008267587,2.97676185,9.223443645,0.01652142,12.90296867
3.520277778,1,0.304766667,30.22222222,98.4718018,0.120699195,6.951525351,0.010478788,2.757705255,7.384370514,0.017371492,10.68512797
3.790833333,1,0.323422222,31.33333333,96.64461625,0.106758174,18.2452211,0.012212923,2.409472049,6.320361662,0.006447538,15.28730877
4.061666667,1,0.338366667,32.66666667,96.59288951,0.103581405,9.802171032,0.013523252,2.527625148,6.833678463,0.011543358,8.692630548
4.3325,1,0.349477778,33.77777778,96.42703423,0.106101822,-12.70226257,0.014805984,2.706872826,6.364693078,0.01120309,11.58557287
4.603333333,1,0.360988889,34.88888889,96.52498194,0.073855085,6.889483846,0.014292242,2.756025946,6.650057088,0.013789537,9.158395335
4.874166667,1,0.375166667,34.77777778,92.70858898,0.064913808,7.402817974,0.016183016,2.722222222,6.331525634,0.008512463,9.706706567
5.145,1,0.387966667,37.44444444,95.41724681,0.067807105,-4.550128096,0.018344587,3.840974671,7.170462986,0.00707031,5.680683371
5.415555556,1,0.397833333,37.66666667,94.45616232,0.038622401,-1.047189603,0.019398597,3.423773097,7.258205967,0.008725785,9.188563225
5.686388889,1,0.405411111,37,90.97325458,0.035112704,14.91929268,0.02017644,3.223179934,6.314922794,0.008831733,11.2243959
5.957222222,1,0.413211111,39.33333333,94.21465753,0.020006035,-1.212091994,0.020858941,3.986086914,6.972788417,0.011909862,7.844912931
6.228055556,1,0.420988889,37.77777778,89.35466543,0.013402326,5.145053456,0.021946446,3.235127414,5.574103402,0.009491824,7.144161626
6.498888889,1,0.427766667,39.11111111,90.82189541,-0.007986035,-16.57891834,0.021976351,3.645562159,6.193561754,0.007256341,6.855481915
6.769444444,1,0.431533333,37.33333333,85.7306893,-0.007407088,5.778743508,0.022864656,3.782268573,6.371884451,0.007153476,6.583279213
7.040277778,1,0.435111111,38.77777778,88.56040187,-0.01419954,4.566980546,0.023386519,3.680948616,6.216428476,0.007283391,11.11431563
7.311111111,1,0.436466667,39.33333333,89.61498225,-0.022727792,1.301495621,0.024314313,3.666666667,5.904049169,0.006191829,5.774671039
7.581944444,1,0.438,39.11111111,89.07560815,-0.014994758,-0.138378999,0.02633943,3.461873467,5.660941636,0.004967922,5.101368088
7.852777778,1,0.436088889,39.88888889,91.38432752,-0.010408599,2.367367415,0.027245185,3.76181267,6.82253386,0.003595096,8.983771816
8.123611111,1,0.436255556,40.33333333,92.45203847,-0.006067753,9.784851602,0.02837381,3.387066905,5.418036867,0.004783681,9.95666548
8.394166667,1,0.435188889,39.55555556,90.53689433,-0.015106478,-1.182254247,0.028852472,3.866203676,6.377181308,0.003204608,10.37512614
8.665,1,0.434422222,39.33333333,90.01567348,-0.010056103,-5.954037586,0.029240952,3.933474574,6.147992163,0.004148673,6.554787647
8.935833333,1,0.433955556,39,89.36493395,-0.002899173,5.651694467,0.029974309,4.082482905,6.661428298,0.003639913,6.916452611
9.206666667,1,0.432277778,39.33333333,90.77693932,-0.006023285,2.874338464,0.030045857,3.876567783,6.511128563,0.004089877,7.787575702
9.4775,1,0.431677778,38.88888889,89.91344185,-0.006148716,10.05085452,0.030433729,3.425575558,4.701730853,0.002843652,6.242815747
9.748333333,1,0.429655556,39.55555556,91.62216422,-0.003929891,-10.09606131,0.030066168,3.965514928,6.148659288,0.002025286,4.381360506
10.01888889,1,0.429511111,39.22222222,91.05329884,-0.005590444,6.625630374,0.029941278,3.673394501,5.653613084,0.002497403,4.826895676
10.28972222,1,0.4283,41.22222222,94.7600197,-0.000813178,-6.344572358,0.029760558,4.943508026,7.413182122,0.002825714,6.294536175
10.56055556,1,0.427422222,42.33333333,98.15513512,-0.003298133,8.610769874,0.029263695,4.444097209,6.662718077,0.003567971,7.800035687
10.83138889,1,0.426877778,41.77777778,96.59186351,-0.001853748,-16.14083987,0.029197026,4.639138383,6.619696615,0.00225303,4.199752148
11.10222222,1,0.426555556,42.33333333,97.91456677,0.00069339,21.15827491,0.029201485,4.935697632,7.543836111,0.002764107,5.531412517
11.37277778,1,0.426133333,41.77777778,96.77207904,0.000429382,-23.11144315,0.029176603,4.668980908,6.746280095,0.003320394,5.36427031
11.64361111,1,0.425866667,42,97.38349386,-0.004249145,13.99893066,0.029071583,4.893306085,7.80751842,0.00259823,5.363595238
11.91444444,1,0.425266667,42.66666667,99.04041679,-0.004687078,-5.646643022,0.028873835,4.853406593,7.401240218,0.003107282,10.93205754
12.18527778,1,0.424922222,42.11111111,97.9864496,-0.005084983,8.773275468,0.028793468,4.80001286,7.664082663,0.004015899,7.235622643
12.45611111,1,0.424911111,42.33333333,98.17775538,0.000414067,-0.216346174,0.028762038,4.924428901,7.32593445,0.002966515,5.36821136
12.72694444,1,0.425044444,41.33333333,96.11966163,-0.003339032,8.265040075,0.02876166,4.585605497,6.913467206,0.002642642,8.816768094
12.9975,1,0.4245,42.33333333,98.66566514,-0.005585312,-22.19851267,0.028867523,4.654746681,7.229926623,0.002789702,7.6675211
13.26833333,1,0.424044444,42.11111111,98.25885228,-0.002559512,8.206212274,0.028942746,4.470410261,6.421567165,0.002520797,6.172211525
13.53916667,1,0.4246,42.55555556,99.09855105,NA,NA,0.029061119,4.552505754,6.510878945,NA,NA
13.81,1,0.423955556,41.88888889,97.98645901,NA,NA,0.029107493,4.283185615,6.330542172,NA,NA
14.08083333,1,0.423433333,42.11111111,98.48082667,NA,NA,0.02886799,4.429837106,6.533827723,NA,NA
14.35138889,1,0.423177778,41.44444444,97.37922886,0.013814171,5.227604766,0.028892573,4.256077717,6.986386866,0.009200808,9.330378425
14.62222222,1,0.423177778,42.44444444,98.85818914,0.023107016,9.089006436,0.02907485,4.991968859,7.513750944,0.014098445,9.18604168
14.89305556,1,0.4227,42,98.61104739,0.035176537,16.14271873,0.028854082,4.146618435,5.910372237,0.013206913,12.58520655
15.16388889,1,0.4226,43.22222222,101.0975011,0.055407416,31.33926859,0.028973043,4.872763811,7.55719777,0.018710848,10.27662842
15.43472222,1,0.421944444,42.77777778,100.7872309,0.079254807,28.79780667,0.028802421,4.339027598,7.029169504,0.02354534,13.55016138
15.70555556,1,0.421277778,42.77777778,100.2009646,0.114294025,8.338052241,0.028882529,4.73983643,6.571330348,0.026288872,9.220213354
0,2,0.011955556,7.666666667,653.0947519,5.808976794,605.7837635,0.000395148,1.490711985,131.127836,1.039140605,185.5118933
0.270833333,2,0.014855556,5.777777778,396.4418137,6.058953564,580.9353322,0.000527602,0.829621362,61.9690947,1.081414689,227.4861346
0.541666667,2,0.021677778,10.33333333,496.5062764,4.552479713,141.2245827,0.001049441,1.67497927,92.00154134,0.759290198,132.0975858
0.812222222,2,0.0313,16.66666667,551.9902278,3.55161394,112.6909682,0.001466572,2.718251072,99.07580516,0.534327194,141.2161373
1.083055556,2,0.045944444,24.33333333,554.4306362,2.556602678,80.14700403,0.001932263,3.601697131,96.80115215,0.342368538,54.75092116
1.353888889,2,0.061766667,27.44444444,452.1452839,1.960955149,-45.35136619,0.001579029,4.259339774,74.02698886,0.163566575,35.14402182
1.624722222,2,0.0809,29.33333333,367.3465376,1.356996028,-8.317999228,0.001640799,4.440970865,57.78639538,0.07633741,37.51190084
1.895555556,2,0.106266667,30.22222222,287.9892549,0.992488429,32.63210557,0.00221604,4.618133876,45.7026816,0.105499177,25.15358364
2.166388889,2,0.1383,31.44444444,230.9155341,0.679996639,28.54956732,0.003341739,4.893621447,37.43612821,0.074609953,24.04919099
2.436944444,2,0.176244444,31.66666667,181.9246527,0.452213666,9.499908351,0.003674806,4.693375947,28.21013306,0.04820453,18.30760811
2.707777778,2,0.214033333,30.55555556,143.5817685,0.33096684,52.57360823,0.003576427,5.134607826,24.51497995,0.028831581,17.1041074
2.978611111,2,0.2503,32.11111111,127.8968469,0.255817715,26.3250808,0.003612478,4.753491245,18.57253825,0.038407859,24.49363654
3.249444444,2,0.2818,31.55555556,111.2164813,0.150014452,7.884430203,0.004643454,4.381498701,14.47335385,0.011416373,16.42977654
3.520277778,2,0.303033333,31.55555556,103.1998078,0.113907761,4.878353243,0.005327523,4.534163867,13.94812826,0.016006069,19.29229872
3.790833333,2,0.323022222,33,101.1316071,0.101787797,23.48558291,0.006934411,4.396968653,12.46889527,0.006898241,14.2964174
4.061666667,2,0.338511111,33.77777778,98.43771969,0.083015166,-4.148225356,0.008552054,4.505483627,11.75628759,0.012560545,17.00421263
4.3325,2,0.347977778,34.66666667,98.04011116,0.113329062,1.010566015,0.009573223,4.8876261,12.39935918,0.018290891,13.11916189
4.603333333,2,0.361022222,35.33333333,96.40009218,0.064148444,9.906321081,0.010821054,4.716990566,11.20444391,0.014422879,12.29397733
4.874166667,2,0.375677778,37.66666667,98.20007375,0.060784112,-7.977709031,0.013375992,5.637178175,12.17993991,0.010243455,13.17405747
5.145,2,0.387133333,41.55555556,104.4993121,0.059164735,6.441256021,0.014114905,6.629293391,13.63887674,0.007816886,6.83345533
5.415555556,2,0.395444444,39.77777778,97.92953167,0.045206266,-2.35157014,0.01461337,6.409146628,13.04808764,0.013262017,7.809130233
5.686388889,2,0.404144444,40.33333333,97.68049614,0.034060991,3.694658489,0.015454082,5.833333333,11.52147907,0.010745056,7.344738686
5.957222222,2,0.410755556,43.33333333,102.3854425,0.008587959,9.636820113,0.016090466,7.090682462,13.38477813,0.012030717,8.04551796
6.228055556,2,0.418088889,41.44444444,96.88863842,0.002039127,-1.581221387,0.017311159,6.375105906,12.34414776,0.010379927,9.827753442
6.498888889,2,0.425166667,40.77777778,93.43163601,-0.008315442,-4.320999711,0.016608473,6.181913084,11.2507354,0.009194592,6.878135575
6.769444444,2,0.429188889,40.88888889,93.0750721,-0.011968826,-5.539128279,0.016718149,6.142846889,11.30012649,0.005867501,3.442753618
7.040277778,2,0.432177778,41.44444444,93.57836278,-0.014064498,10.41155945,0.017348213,6.30280165,11.55777101,0.007516936,7.644317674
7.311111111,2,0.4324,41,92.62660665,-0.008434235,-8.33240797,0.018111859,5.737304826,10.11965944,0.008413201,7.229179332
7.581944444,2,0.433144444,43.66666667,98.62871627,-0.018300052,2.130551881,0.019929237,6.123724357,10.83411458,0.007326659,6.885848092
7.852777778,2,0.429533333,43,97.51594836,-0.014130063,0.328269456,0.020506117,6.370504951,11.05344389,0.00554814,12.31401266
8.123611111,2,0.428911111,41.55555556,94.36334219,-0.008264301,15.70567703,0.020814421,6.139831501,10.74194849,0.002653949,10.83728346
8.394166667,2,0.427944444,41.33333333,94.04662718,-0.014099817,2.211138101,0.020629329,6.141841924,10.71822572,0.00516133,7.244255735
8.665,2,0.426822222,41.66666667,95.13767951,-0.001772045,-5.538887045,0.02106861,5.960518247,10.1744804,0.009186136,8.188104672
8.935833333,2,0.424955556,41.66666667,95.36982946,-0.002790522,3.001192496,0.021082418,6.317963807,11.09497577,0.00297822,7.18154907
9.206666667,2,0.4232,41.22222222,94.71358499,-0.006130573,0.878492575,0.021205692,6.335038757,11.29827334,0.004415403,4.384572144
9.4775,2,0.423288889,42.11111111,97.10468608,-0.00749586,0.948928531,0.02200552,5.912426754,10.30955436,0.004910008,5.77189048
9.748333333,2,0.420788889,41.11111111,95.40839176,-0.010396627,-6.092493093,0.021582924,5.921815704,10.48006462,0.005233743,9.808026524
10.01888889,2,0.4206,41,95.18613114,-0.002896709,0.929448349,0.021895122,5.988414741,10.77399107,0.002957815,9.076727603
10.28972222,2,0.419977778,43.77777778,100.5271246,-0.003615431,-2.151074155,0.021959431,6.933769573,11.58344197,0.00426309,7.629459725
10.56055556,2,0.419388889,42.77777778,98.20221315,-0.003183601,12.90114525,0.022105482,7.173984206,12.29113962,0.0040249,5.05262508
10.83138889,2,0.418377778,44.33333333,102.3044139,-0.000745134,-7.711054122,0.022402565,7.232257985,12.32478535,0.004058449,7.201594733
11.10222222,2,0.419744444,44.11111111,101.5689947,-0.002784889,11.77387349,0.022921782,7.040447517,11.78950552,0.001692468,5.73017036
11.37277778,2,0.419266667,44.11111111,101.4271528,-0.00425196,-9.880732084,0.023228503,7.356864603,12.8826132,0.001300931,5.843712811
11.64361111,2,0.419033333,43.77777778,100.9504725,-0.004691228,6.174349748,0.023177899,6.979688344,11.69560034,0.005128549,5.137147972
11.91444444,2,0.418411111,43.44444444,100.3658503,-0.002813976,-2.517361908,0.023262001,6.944444444,12.03972545,0.00532164,7.247564523
12.18527778,2,0.417833333,43.44444444,100.3537841,-0.003451037,-3.643388691,0.023135176,7.129966322,12.37229596,0.004266021,5.992590425
12.45611111,2,0.417666667,43.66666667,101.0957492,-0.005461378,0.365584953,0.023308231,6.849574196,11.63423316,0.003124028,7.061846346
12.72694444,2,0.417655556,45.22222222,104.7484298,-0.007085548,0.31969311,0.02348748,7.037158868,11.79441967,0.002238918,8.252685137
12.9975,2,0.417133333,44.55555556,102.7795381,-0.004214108,8.854970414,0.023653958,7.463077841,12.55104801,0.001944401,12.29737957
13.26833333,2,0.417211111,44.66666667,103.6711029,-0.001761143,-9.253479982,0.023730948,6.914156171,11.78493199,0.002612882,12.79922742
13.53916667,2,0.416488889,43.77777778,101.2963905,NA,NA,0.0237453,7.088288027,11.92310657,NA,NA
13.81,2,0.415933333,44.44444444,103.39884,NA,NA,0.023814783,6.780509468,11.22656806,NA,NA
14.08083333,2,0.415811111,45.77777778,106.2977458,NA,NA,0.023952154,7.11761855,11.5026998,NA,NA
14.35138889,2,0.414822222,44.66666667,104.1563284,0.010140246,1.381355657,0.023689583,6.958208582,11.86814373,0.0111982,10.69664597
14.62222222,2,0.414666667,43.77777778,102.2051025,0.025233012,12.16655137,0.023925753,6.903658003,11.94781722,0.014673197,11.95497865
14.89305556,2,0.414566667,45,104.937866,0.03523785,25.50733887,0.023748281,6.808899405,10.80104298,0.01540241,13.6906864
15.16388889,2,0.413933333,43.88888889,102.4777076,0.058885493,30.94381744,0.023846809,6.969067458,11.86751227,0.019834151,16.14349774
15.43472222,2,0.412622222,45.88888889,107.7984981,0.082669346,29.32069945,0.023740424,6.900975061,11.48810223,0.024716474,12.28485208
15.70555556,2,0.4129,45.11111111,105.7458974,0.119359246,33.17536064,0.023914559,6.961091159,12.01012903,0.028204058,17.31694141
0,5,0.011533333,7.444444444,645.2214633,5.896578904,696.7350883,0.000537484,1.650850884,138.208515,1.07094163,317.4363422
0.270833333,5,0.014122222,6,434.3578843,6.50522406,464.7467231,0.00046868,0.927960727,73.06254328,1.142799448,297.4970857
0.541666667,5,0.020811111,9.333333333,469.885402,5.103479664,435.3935292,0.001004773,1.632993162,94.04967718,0.97719231,167.3445109
0.812222222,5,0.030322222,15.11111111,510.6629861,3.747462591,228.5876942,0.001239487,2.519063122,94.33489488,0.610994241,126.4804095
1.083055556,5,0.044833333,19.11111111,437.3858623,2.659468742,88.8050615,0.001760051,3.599554156,88.1204715,0.34123015,48.3757239
1.353888889,5,0.060588889,22.77777778,377.9981378,1.877574089,33.57165411,0.001303781,4.179240288,70.68431918,0.162897811,20.02629298
1.624722222,5,0.080477778,23.22222222,289.9061356,1.46024708,42.10872853,0.001348536,4.412034608,55.43838973,0.089867797,39.3753594
1.895555556,5,0.106266667,25.88888889,243.2349949,1.041472125,54.48775161,0.001643083,4.984544012,45.86186703,0.086741417,46.9559097
2.166388889,5,0.140033333,25.33333333,181.1310731,0.650585715,32.47272233,0.002195703,4.567396535,32.46732961,0.105117632,23.56725945
2.436944444,5,0.178444444,27.77777778,155.9327987,0.441926881,46.15672886,0.002424877,4.889835767,27.43245508,0.064274757,16.61990541
2.707777778,5,0.216955556,28.11111111,129.0715333,0.363085684,39.09993866,0.002357618,5.533846473,24.86206037,0.038532,28.51161536
2.978611111,5,0.255133333,30.11111111,116.9979351,0.238864654,25.03069202,0.002888435,5.523798121,20.45475501,0.020012005,14.25139662
3.249444444,5,0.286233333,30.88888889,106.3734587,0.154913,26.30732107,0.004416321,5.311006508,16.74770717,0.012864992,19.69856613
3.520277778,5,0.309111111,31.77777778,101.0972952,0.139527593,14.04163632,0.005597679,5.609460703,16.12221134,0.019103815,15.51836457
3.790833333,5,0.327955556,32.66666667,97.9026036,0.130987996,12.27071962,0.006988028,5.134307267,13.55032546,0.014689572,12.21523602
4.061666667,5,0.344977778,35.11111111,99.64505106,0.064218614,14.11265299,0.009235736,5.419728479,12.8470167,0.016456748,10.6449949
4.3325,5,0.354733333,36.88888889,101.5728531,0.086043527,9.73554809,0.010919185,6.217011707,14.39901297,0.016263095,8.842699887
4.603333333,5,0.367633333,37.44444444,99.37686727,0.073248096,-2.418521641,0.011082957,6.189397545,13.56408858,0.011076368,11.93469918
4.874166667,5,0.382222222,39.66666667,100.926809,0.063696269,12.19669715,0.013040533,6.472162613,13.10271102,0.009227679,12.69419476
5.145,5,0.393188889,42.11111111,103.4093368,0.067639152,-3.358476231,0.014131952,7.757513284,15.33757453,0.010574544,7.089801599
5.415555556,5,0.4029,42.77777778,103.1172138,0.039972296,8.416040523,0.014885246,7.152656418,13.57268328,0.008702748,4.715014102
5.686388889,5,0.410655556,43.33333333,101.8888271,0.031242663,12.67319607,0.015844699,7.659416862,14.03801385,0.010805303,8.145935334
5.957222222,5,0.4179,47.11111111,108.5795835,0.002261591,5.131119794,0.016632206,8.471265884,15.10930337,0.010100591,6.38943482
6.228055556,5,0.426777778,46.22222222,104.3291908,-0.002354068,-4.022610126,0.017871196,8.297887579,14.37501601,0.010268871,6.770131854
6.498888889,5,0.432344444,45.66666667,101.9794689,-0.012875695,12.90178004,0.017123644,7.838650678,13.43315126,0.005642917,8.37191843
6.769444444,5,0.435,46.22222222,102.4375128,-0.011274936,-1.681604333,0.017891214,8.517592542,14.6717231,0.006148459,9.913880121
7.040277778,5,0.438277778,47.55555556,104.4360852,-0.016477974,-12.25446405,0.019187654,8.607346847,14.38318794,0.006270968,9.890557268
7.311111111,5,0.438788889,48.44444444,106.1601032,-0.024079879,4.131245775,0.020232986,8.842936778,14.5061549,0.005002672,6.066059682
7.581944444,5,0.439555556,48.33333333,105.3906377,-0.011893867,1.139857354,0.022128985,8.9458246,14.30140985,0.005791455,10.25774151
7.852777778,5,0.437066667,48.11111111,105.5048907,-0.016341675,7.893321869,0.022550129,8.716912751,13.69745132,0.00499764,7.950581246
8.123611111,5,0.4374,49.11111111,106.9662185,-0.011025554,-1.876215234,0.022752124,9.550224611,15.25536714,0.005072544,10.34351388
8.394166667,5,0.435011111,49.22222222,107.7395713,-0.00450113,12.87373546,0.022855886,9.52887101,15.16016731,0.005063539,9.602325569
8.665,5,0.433355556,49.11111111,108.205315,-0.010313788,-11.29457995,0.023018206,9.440522061,15.12464088,0.003864055,9.015460649
8.935833333,5,0.431522222,48.88888889,107.9787836,-0.000821967,9.415690471,0.023053837,9.190037547,14.51415357,0.005095955,7.006101802
9.206666667,5,0.428811111,48.77777778,108.0606245,-0.004495529,-2.633116667,0.022638656,9.598578856,15.39503182,0.004293543,5.738818668
9.4775,5,0.428355556,48.55555556,108.0987782,-0.007087256,2.664415424,0.022921249,9.107553506,14.54317776,0.003665367,7.036507924
9.748333333,5,0.426311111,48.66666667,109.0445253,-0.008809156,-5.938133464,0.022551074,9.139353247,14.86453811,0.004343913,10.50317917
10.01888889,5,0.425888889,49,109.4948278,0.000219157,10.761439,0.022782099,9.464847243,15.31428686,0.003545241,9.865395858
10.28972222,5,0.425522222,51.77777778,115.1533202,-0.002656133,2.831095692,0.022792432,10.63246833,17.5848105,0.003952663,5.576604097
10.56055556,5,0.424888889,51.55555556,115.3757368,-0.005316421,-7.893303854,0.022834096,10.04588239,16.35286359,0.003062257,9.410848435
10.83138889,5,0.4248,51.11111111,113.8557926,-0.006066761,16.51504294,0.023036686,10.54677998,17.396133,0.004023394,12.60104905
11.10222222,5,0.4251,52.33333333,116.8529129,0.00122471,-8.483012469,0.023764025,10.26861453,16.51876656,0.00207709,9.757062183
11.37277778,5,0.425355556,51.88888889,115.5683869,-0.006590266,-0.715836522,0.023833614,10.53096551,17.12895889,0.001908954,7.357813923
11.64361111,5,0.423988889,50.44444444,112.6217493,-0.001056359,-3.951070981,0.023231554,10.16955029,16.52514353,0.002575612,6.961427355
11.91444444,5,0.424055556,51.55555556,115.5754139,-0.006457835,12.73609698,0.023650406,9.913670571,15.82166217,0.001541182,6.095745657
12.18527778,5,0.423277778,53.11111111,119.1823003,-0.001936479,-0.124152799,0.023364799,10.34199159,16.79708652,0.001786521,5.843151687
12.45611111,5,0.423277778,53.44444444,119.9029089,-0.005756269,-5.454241137,0.023547616,10.34422962,16.66724568,0.001210506,8.166743427
12.72694444,5,0.423155556,52.44444444,117.1372267,-0.00326484,1.178406396,0.023753369,10.81037453,17.62109486,0.001541363,3.972100561
12.9975,5,0.422444444,51.88888889,116.7265456,-0.003596988,3.652675273,0.023593238,9.933731039,15.8419505,0.001990039,6.805947599
13.26833333,5,0.422066667,53.11111111,119.1422872,-0.004265487,8.426965353,0.023604802,10.72955995,17.55282906,0.002570479,6.967941427
13.53916667,5,0.421688889,51.88888889,116.5065562,NA,NA,0.023692365,10.50984254,17.1682349,NA,NA
13.81,5,0.421044444,53.44444444,120.5256678,NA,NA,0.02369479,10.30387078,16.48148241,NA,NA
14.08083333,5,0.420822222,53.88888889,122.0037545,NA,NA,0.023710445,10.24755316,16.57785825,NA,NA
14.35138889,5,0.420077778,54.11111111,122.1695075,0.009744758,13.16879819,0.023820998,10.50587725,16.77960652,0.010016459,10.0392342
14.62222222,5,0.419655556,53.44444444,121.2141182,0.022808627,10.0947698,0.023703265,10.14767504,16.32908333,0.013718175,9.379686254
14.89305556,5,0.419022222,53.77777778,122.1488779,0.040538006,16.50295737,0.02380263,10.11019532,16.1553093,0.014760311,13.37353757
15.16388889,5,0.419044444,54.44444444,123.4616455,0.055395449,27.66521412,0.023803794,10.49750117,16.9153739,0.020461432,10.87785174
15.43472222,5,0.418388889,54,122.8046994,0.082736055,14.96438845,0.023751424,10.17895432,16.26548062,0.023874064,14.23709608
15.70555556,5,0.4181,54.33333333,123.5179326,0.11823156,22.32956098,0.023737605,10.42699488,16.86593317,0.028514041,5.363751172
0,10,0.011077778,7.444444444,681.0082718,6.393069289,1037.88759,0.000592494,1.528535166,140.5268394,1.19325184,196.2563284
0.270833333,10,0.013933333,5.222222222,373.1037632,6.552977334,1019.703306,0.000357071,0.812707713,55.0949192,1.090731269,191.4800573
0.541666667,10,0.020388889,9.666666667,494.6526474,5.540792005,481.0828394,0.000728287,1.509230856,94.36663077,0.978886117,117.5571716
0.812222222,10,0.030888889,14.66666667,490.0956955,3.712103746,317.5466526,0.001523195,2.327373341,91.11349238,0.639976194,103.353088
1.083055556,10,0.044777778,21,484.3925518,2.67061384,246.6804643,0.001839896,3.443996387,92.01202176,0.299523451,96.70586804
1.353888889,10,0.061022222,24.44444444,402.9717091,1.979433956,111.3898733,0.001326941,3.958503895,67.77164403,0.192065063,77.68361634
1.624722222,10,0.081466667,25.66666667,316.5160611,1.434008386,206.3784246,0.000992052,4.490731195,57.01614012,0.066020351,98.35473511
1.895555556,10,0.108755556,28.55555556,263.8495951,1.032011338,117.2847614,0.00077873,4.278859892,40.89078681,0.098889204,45.84883652
2.166388889,10,0.143644444,29.66666667,208.423111,0.697621695,134.8064054,0.001575693,4.579543888,33.9308338,0.06894987,40.41315933
2.436944444,10,0.182677778,33,181.5218055,0.447631639,85.47805616,0.001897204,4.980517599,28.34310119,0.056870447,33.12905638
2.707777778,10,0.221988889,35.66666667,160.6605621,0.363633677,96.98904372,0.001701506,5.522680509,24.93374455,0.04391974,37.69046367
2.978611111,10,0.260566667,38.22222222,145.7063498,0.232556497,84.78689697,0.002901867,5.844697924,21.39739709,0.023752569,31.70709888
3.249444444,10,0.2918,41.44444444,140.5703886,0.164961687,18.63017142,0.004702836,5.771363961,17.81409486,0.011164878,15.20590868
3.520277778,10,0.314488889,44,138.102267,0.108424514,38.50397916,0.006218687,6.298147876,17.56611815,0.018800899,12.26805275
3.790833333,10,0.333533333,48.22222222,142.7362226,0.121354303,22.45884151,0.007707248,6.143600505,15.64744139,0.010811314,14.3282068
4.061666667,10,0.351555556,54.33333333,151.4030129,0.110753346,16.78836358,0.009901404,8.173466557,19.2676437,0.015301049,17.40325749
4.3325,10,0.362888889,57.22222222,154.4964849,0.094569706,26.13008203,0.011576682,8.058428606,17.51075575,0.009058431,15.94620101
4.603333333,10,0.378177778,61.11111111,156.5394338,0.079080226,22.16713062,0.014032599,10.31375086,20.9263451,0.013813901,11.62457113
4.874166667,10,0.392833333,66,161.9747368,0.0626573,7.741951262,0.015328015,12.22247474,23.67647653,0.007964728,11.36040454
5.145,10,0.405233333,70.33333333,166.674358,0.05452745,15.75870005,0.016735632,13.29682502,24.62169087,0.006794545,9.245057892
5.415555556,10,0.413666667,73.11111111,169.7646284,0.031124657,-1.896489623,0.017295415,13.46130715,24.10248993,0.008605626,8.105476326
5.686388889,10,0.421755556,74.33333333,168.9139297,0.026737085,17.57839149,0.018170054,14.03269991,24.62961478,0.010155405,11.22576413
5.957222222,10,0.4297,78.55555556,174.6938577,0.018190772,6.34804209,0.01902994,15.25169491,25.95459498,0.014207242,9.617086872
6.228055556,10,0.437988889,78.77777778,171.8869567,-0.021057834,9.714274301,0.020526828,14.91436461,24.36569247,0.017783697,10.96821595
6.498888889,10,0.443333333,79.11111111,170.7409111,-0.013321334,9.671223348,0.020294902,14.99670746,24.47056862,0.004700991,10.6441789
6.769444444,10,0.446677778,80.66666667,172.4144605,-0.022482008,-2.360324953,0.021027481,15.75683273,25.67812914,0.005345583,9.811913888
7.040277778,10,0.450622222,81.44444444,171.7684668,-0.013419111,7.924014631,0.023125526,16.22250761,25.47570106,0.010349852,6.595199658
7.311111111,10,0.451777778,82.66666667,174.3064187,-0.027754578,-8.207898314,0.024443533,15.78941277,24.2410528,0.012322621,10.18179181
7.581944444,10,0.450855556,83.66666667,175.3389503,-0.0187916,0.441756618,0.025903663,16.88687854,25.34920108,0.00556655,8.569926231
7.852777778,10,0.448055556,84.33333333,177.8521474,-0.008916782,-1.715481162,0.026363596,16.89016808,25.26523032,0.005057636,7.844663439
8.123611111,10,0.447677778,86,181.1143371,-0.011828553,4.602828889,0.026577281,17.46265857,25.85087578,0.003082066,10.38767401
8.394166667,10,0.4483,88.55555556,185.6574138,-0.013815312,-1.167362475,0.027248914,18.55181266,27.56003256,0.005278782,8.669843556
8.665,10,0.444288889,85.88888889,181.4694419,-0.006030974,2.997872831,0.026339527,18.13257079,27.43462077,0.002585709,9.783175903
8.935833333,10,0.441455556,86.33333333,184.535598,-0.006004015,10.58643264,0.025894187,17.41008648,26.25926388,0.003241947,5.805127526
9.206666667,10,0.439677778,86.55555556,185.0077691,-0.00961118,13.75748823,0.025761291,18.37503674,28.5522447,0.003206158,9.072292709
9.4775,10,0.439355556,86.33333333,185.0431972,-0.001364649,0.528220741,0.026372919,17.71298958,26.90275512,0.003049816,9.905093721
9.748333333,10,0.435733333,87.44444444,190.0788239,-0.010713353,3.968390337,0.024996289,17.22813519,26.6284783,0.001861689,9.668869482
10.01888889,10,0.4348,87.55555556,190.5535465,-0.001982011,-0.300660613,0.025048564,17.3766375,26.72047447,0.001871545,12.33674449
10.28972222,10,0.434155556,87.44444444,189.7623467,-0.007608722,-6.581868036,0.024915931,18.17286676,28.52688932,0.003766492,11.79032546
10.56055556,10,0.432688889,89,194.3203696,-0.000544736,12.43595124,0.024842406,17.94977561,27.90582369,0.002086946,13.68608798
10.83138889,10,0.432888889,89.55555556,195.6867261,-0.003189865,-7.414356124,0.025120153,17.96378387,28.06503263,0.001534183,11.5660936
11.10222222,10,0.432755556,91.22222222,198.8924745,-0.002694882,7.284137324,0.025255039,18.41253934,28.36321745,0.001888054,6.579553458
11.37277778,10,0.432411111,90.77777778,198.179886,-0.007818358,10.08048348,0.025197439,18.47203425,28.84767663,0.002819957,11.0897303
11.64361111,10,0.431622222,90.44444444,197.7889716,0.000488458,-13.74747681,0.025191879,18.39543355,28.6420379,0.002264904,10.42203589
11.91444444,10,0.430911111,91.33333333,199.9496328,-0.004587686,4.065975568,0.024914506,18.45489998,28.60711001,0.001193445,11.08108358
12.18527778,10,0.430522222,90.88888889,198.719993,-0.007652074,12.02788539,0.02502916,18.89844529,29.80178762,0.002199385,8.122191937
12.45611111,10,0.430044444,90.33333333,198.3395335,-0.002440287,4.732038405,0.025083179,18.31893374,28.66831886,0.001224847,13.67233185
12.72694444,10,0.429988889,91.33333333,200.5698233,-0.004836178,-6.652772823,0.025216719,18.40591692,28.50859131,0.002143231,13.32216842
12.9975,10,0.429488889,93,204.2892159,-0.008032702,-14.99555217,0.025313086,18.80898131,29.124753,0.002479863,8.303588463
13.26833333,10,0.429066667,91.22222222,201.194577,-0.002170753,30.56297927,0.025382212,17.8401683,27.40438342,0.002167665,9.523334331
13.53916667,10,0.428411111,93.22222222,205.3028032,NA,NA,0.025301501,18.71257582,28.93073107,NA,NA
13.81,10,0.428088889,93.77777778,207.6246335,NA,NA,0.025242532,18.16726129,28.01899131,NA,NA
14.08083333,10,0.427933333,93.11111111,205.6969356,NA,NA,0.025272449,18.38586749,28.45998607,NA,NA
14.35138889,10,0.427177778,94.33333333,208.9743537,0.018027913,8.515529636,0.025243425,18.61376432,29.15621176,0.012273254,11.25717955
14.62222222,10,0.426544444,93,206.3068021,0.022061897,16.28771645,0.02526366,18.25437543,28.43244154,0.012629111,15.29009578
14.89305556,10,0.426066667,91.77777778,204.1189737,0.034644895,26.25622237,0.025124816,17.48314885,26.74584803,0.013971911,12.80317628
15.16388889,10,0.425855556,94.66666667,211.1755175,0.056487324,24.67079587,0.025074623,17.92577288,27.62069039,0.022114765,14.16471881
15.43472222,10,0.425,95.11111111,212.3021994,0.080825756,22.90515386,0.025071437,18.04196069,27.82656137,0.021430274,11.52995773
15.70555556,10,0.424888889,95.66666667,213.7126775,0.115843297,11.4841764,0.025056866,18.32651388,28.71925926,0.029250712,6.672488302
0,25,0.010766667,7.555555556,707.4860295,6.671283381,2042.611271,0.000536967,1.74889736,158.7561614,1.242456809,367.0682985
0.270833333,25,0.013355556,6,453.4292274,6.717697317,2037.816432,0.000394444,0.971825316,73.59582471,1.264026095,543.7911946
0.541666667,25,0.019333333,10.88888889,572.3780187,5.536781427,1747.191579,0.00044441,1.62826121,92.18192948,0.837598812,434.345138
0.812222222,25,0.029811111,21.33333333,738.0047887,3.803530483,1126.944444,0.00129716,2.915475947,119.9219729,0.625995897,266.2551205
1.083055556,25,0.044644444,28.88888889,664.0870822,2.415676736,600.9882219,0.001658322,3.867400952,104.8751907,0.297585394,137.0923944
1.353888889,25,0.060088889,36.11111111,605.6552255,1.961995639,566.4726342,0.001306867,4.866108542,88.14995685,0.156232077,153.8899946
1.624722222,25,0.080866667,39.88888889,495.1803204,1.576255396,525.3108991,0.001178865,5.146315954,67.0449034,0.084646631,179.7965778
1.895555556,25,0.107066667,43.55555556,406.6245564,0.90067281,450.5075899,0.001456308,5.632522405,53.04346949,0.150818702,76.07775892
2.166388889,25,0.141044444,48.88888889,346.9944996,0.718919109,393.6095372,0.002123749,5.808146684,41.77367233,0.075343336,86.42311833
2.436944444,25,0.179888889,55.33333333,307.6698062,0.425259683,192.265295,0.002621145,6.107827401,34.13234829,0.060467916,55.0124181
2.707777778,25,0.219577778,64.77777778,293.7680711,0.341661138,333.8004799,0.002814288,7.903546633,34.32617516,0.034594664,75.32972803
2.978611111,25,0.256988889,75.88888889,293.3665894,0.240912851,188.6057781,0.003695434,9.419902754,33.91481672,0.029039848,43.63215359
3.249444444,25,0.285088889,86.44444444,300.9049706,0.176648028,130.6557999,0.004190646,9.312642409,28.66223676,0.015252555,33.44356233
3.520277778,25,0.308577778,97.33333333,312.8222798,0.133528133,102.7306317,0.005814345,9.846036992,27.02104706,0.011266796,20.75692452
3.790833333,25,0.327722222,109.7777778,330.9167922,0.095143,106.7326809,0.007154734,12.08968543,29.72436585,0.012085042,25.56355693
4.061666667,25,0.347544444,126.6666667,357.4415304,0.070172796,78.61436491,0.010067951,15.76388277,33.74808204,0.01945107,18.93020355
4.3325,25,0.355288889,137.4444444,379.3067298,0.09770736,33.84250461,0.010278814,17.71542886,38.06694127,0.01565313,22.06158063
4.603333333,25,0.369544444,147.4444444,389.6187197,0.072450137,55.86396795,0.011570306,20.46685064,41.65217055,0.009613233,28.49188642
4.874166667,25,0.383333333,160.6666667,406.5730985,0.056145066,59.11816362,0.013629635,25.09426672,48.9559314,0.013455725,14.32129602
5.145,25,0.395633333,172.8888889,421.9037268,0.062436657,62.06772479,0.015292845,29.13495631,54.89339571,0.011740583,17.50496229
5.415555556,25,0.403911111,179.6666667,428.0988364,0.033400335,19.14539665,0.015893775,31.79578938,58.8619988,0.007577997,14.92037036
5.686388889,25,0.410577778,190.4444444,446.4602653,0.020529711,47.13444022,0.016010524,33.32629555,60.32073061,0.008085065,19.22864929
5.957222222,25,0.416911111,197.2222222,454.7347879,0.00822109,20.56840261,0.016377054,35.2691153,63.07525801,0.009429624,13.93599459
6.228055556,25,0.423888889,200.2222222,453.2892447,0.006384707,18.52136083,0.017385806,36.07737741,62.61559373,0.013754352,19.13348868
6.498888889,25,0.429311111,207,461.8519738,-0.011132466,7.084357908,0.017810893,38.49567075,66.5509601,0.008344355,10.30075683
6.769444444,25,0.4338,211.4444444,465.6720572,-0.01271828,63.3781274,0.018532651,40.18364479,68.49761483,0.006358456,16.30933103
7.040277778,25,0.437244444,217.3333333,473.8678626,-0.02472397,-19.99674966,0.020578981,41.34610018,68.03779157,0.005292705,12.01865638
7.311111111,25,0.436911111,221.3333333,481.9087121,-0.017729508,10.37494121,0.021416417,42.37727378,68.85754115,0.004113622,15.74344844
7.581944444,25,0.437088889,225.5555556,490.3267661,-0.020758157,22.97961565,0.022948956,42.51963962,66.81654308,0.006325058,12.88029995
7.852777778,25,0.4346,229.4444444,499.9388798,-0.01018472,7.356318308,0.023856446,44.39003614,69.35720156,0.003259649,14.61987063
8.123611111,25,0.434466667,228.5555556,496.3663471,-0.008487321,2.715114886,0.024118095,45.98946471,72.48948466,0.001996928,26.50751191
8.394166667,25,0.434322222,230.4444444,500.1396873,-0.00927065,43.99397455,0.024705329,45.9680176,71.17383133,0.007832025,19.1426978
8.665,25,0.432188889,233.5555556,509.3717947,-0.013859901,-20.94714536,0.024677309,46.90448661,73.43933335,0.005296511,13.82401816
8.935833333,25,0.430788889,238.1111111,521.5288735,-0.003161206,12.69446266,0.024782305,46.93359506,72.89364048,0.001548013,22.81932838
9.206666667,25,0.428888889,237.3333333,522.171344,-0.001575398,18.19616786,0.02451804,46.87987012,73.40510616,0.004144281,18.42666606
9.4775,25,0.427277778,241,532.4752674,-0.007361239,32.80338707,0.024213293,47.25609896,74.0483678,0.003243417,18.26572568
9.748333333,25,0.425233333,240.6666667,535.2588751,-0.006114286,-30.50128651,0.023571664,46.77042038,74.06813237,0.003213914,19.9456184
10.01888889,25,0.423933333,239.8888889,534.6938834,-0.006466881,20.51295589,0.023606132,47.13410078,75.23562551,0.002443058,16.1287835
10.28972222,25,0.424322222,246.3333333,547.3789094,1.40E-05,0.235736374,0.023932966,49.22369574,78.25445543,0.002451539,11.65301558
10.56055556,25,0.422088889,245.4444444,548.8395514,-0.004742703,48.3261334,0.023379314,48.44960472,77.45052301,0.003924239,14.40429498
10.83138889,25,0.422666667,247.1111111,553.0328675,-0.003396354,3.789054878,0.023536048,47.72532651,75.44238583,0.002360879,14.18572744
11.10222222,25,0.422155556,248.5555556,556.2689067,-0.007455581,6.352943643,0.023728131,48.28736639,76.24665125,0.002178754,25.72241939
11.37277778,25,0.422144444,250.7777778,562.3912884,-0.002819384,10.67136916,0.0237451,48.05314702,75.62386304,0.002393675,17.39849951
11.64361111,25,0.421477778,250,560.8701461,-0.005243825,27.31671141,0.023785078,48.19462856,75.78445186,0.002806009,23.11530965
11.91444444,25,0.421455556,252.5555556,566.2473862,-0.003726456,-11.36441003,0.023696748,49.15681006,77.59868522,0.002857652,23.35732954
12.18527778,25,0.420211111,252.6666667,570.1337987,-0.000291278,5.448132591,0.023689194,47.1563593,73.46362299,0.003133345,17.32071823
12.45611111,25,0.4202,253.6666667,571.6399804,-0.005588606,6.179393902,0.023857092,48.13955408,75.60891965,0.003296269,20.19186188
12.72694444,25,0.419866667,254.5555556,573.7826645,-0.001208801,11.00022192,0.023787368,48.47711691,75.97542967,0.002191483,15.07475425
12.9975,25,0.419244444,259.1111111,585.8647471,-0.010578168,29.89101566,0.023808292,48.23162991,74.85192251,0.002376589,18.33980131
13.26833333,25,0.418955556,259.1111111,585.6914338,-0.003229209,-7.677446045,0.023982714,48.49869541,74.93092887,0.001870179,23.20742804
13.53916667,25,0.4185,261,590.3585273,NA,NA,0.023856166,49.28939485,77.01148355,NA,NA
13.81,25,0.417377778,260.4444444,591.5525426,NA,NA,0.023860682,48.74739626,76.3212095,NA,NA
14.08083333,25,0.417655556,260.4444444,590.7386154,NA,NA,0.02412162,48.88453263,75.93944173,NA,NA
14.35138889,25,0.417,261.3333333,594.2056446,0.013489139,26.60535344,0.023997795,48.36550653,74.81392223,0.011662815,11.08608353
14.62222222,25,0.416422222,263.2222222,598.9714386,0.023894674,19.6150527,0.024114748,48.76951968,75.19836899,0.014636011,22.69836903
14.89305556,25,0.416366667,265.5555556,604.8301493,0.0333189,23.74106512,0.024259695,48.81202923,74.94319298,0.015994432,15.65627539
15.16388889,25,0.415722222,265,606.0565519,0.050194128,44.08834151,0.024235527,47.13338048,71.46075063,0.018639823,17.75209737
15.43472222,25,0.414655556,267.6666667,611.8202371,0.085322844,32.34543081,0.024066673,49.76388695,77.33980571,0.023777157,10.08374828
15.70555556,25,0.4143,268.7777778,615.7911621,0.124494194,39.24807383,0.02421373,48.7475862,74.64646648,0.026964661,9.821995822
0,50,0.009788889,7.444444444,211.5982509,5.775551672,2035.686502,0.001809577,1.537594723,426.7459344,1.578722026,1364.412657
0.270833333,50,0.0126,6.666666667,-89.12880538,2.830364373,-1822.075015,0.00181766,0.957427108,570.072104,3.811582556,5538.673255
0.541666667,50,0.0188,14.33333333,1457.949432,7.762093732,9388.476282,0.002300543,1.848422751,741.2881047,2.32570181,6538.530022
0.812222222,50,0.028422222,30.44444444,1182.659644,3.238835778,1662.064064,0.002430751,3.819217165,214.1976706,0.735566912,463.9825249
1.083055556,50,0.042122222,46.66666667,1207.207648,2.540356413,1448.289853,0.002898983,5.005552473,207.0132481,0.23910368,397.7418522
1.353888889,50,0.056233333,55.11111111,1116.233591,2.057089276,1377.021728,0.00475266,6.56895993,224.9951072,0.145741784,366.3573957
1.624722222,50,0.075633333,60.22222222,856.857673,1.520765174,1276.71852,0.005698733,6.620208493,126.8905461,0.10981599,272.9665908
1.895555556,50,0.100277778,66.55555556,702.4137847,0.976348181,1440.469729,0.007200555,6.629293391,88.18102573,0.135924245,322.8581976
2.166388889,50,0.131088889,76.66666667,621.6037677,0.811698394,1062.076484,0.009765677,6.211548385,73.43135324,0.097323786,189.8850933
2.436944444,50,0.1681,94.77777778,602.069355,0.499611001,900.9791936,0.01239228,7.227989151,75.02171397,0.060388365,216.7771706
2.707777778,50,0.205766667,116.2222222,592.9918002,0.359337136,732.838427,0.014838201,9.335978461,62.62202252,0.04601816,140.9743355
2.978611111,50,0.2421,141.6666667,617.14582,0.224530031,625.9815154,0.017803729,11.10680472,68.34012819,0.031643761,89.13507117
3.249444444,50,0.270477778,168,655.5756444,0.176865261,430.9394413,0.019596101,11.39322411,70.52858474,0.012871176,102.4396373
3.520277778,50,0.293344444,197.6666667,709.8895618,0.130890635,362.1254101,0.022260017,13.40501565,71.7698898,0.010139974,80.56917944
3.790833333,50,0.312133333,229.1111111,770.9146797,0.110033591,237.2762012,0.024312794,16.44557053,74.5344023,0.019969599,74.62077475
4.061666667,50,0.3322,268.4444444,840.5936098,0.064411877,247.6487667,0.027360454,24.24476525,75.98773174,0.038710521,78.35035751
4.3325,50,0.343488889,306.8888889,916.2980641,0.085896001,181.0752448,0.028696218,34.38040642,80.81024304,0.019035778,43.23383973
4.603333333,50,0.355266667,332.7777778,961.320128,0.072568972,124.4820649,0.031970833,41.67559164,90.97342052,0.017969863,50.25664783
4.874166667,50,0.367777778,368.8888889,1012.064251,0.069086336,190.1148452,0.034223659,55.52713162,100.7525681,0.009563172,55.90941312
5.145,50,0.378411111,402.8888889,1062.472334,0.05561874,188.275307,0.036024276,65.88172155,107.9469508,0.011561634,33.96908501
5.415555556,50,0.386766667,426.7777778,1094.265682,0.018791286,105.226445,0.037104563,74.5368622,119.8147033,0.013539636,88.40173019
5.686388889,50,0.396488889,454.6666667,1132.225977,0.021933341,113.3391859,0.038844367,82.07279966,125.9374158,0.010034199,43.8838007
5.957222222,50,0.403288889,479.5555556,1160.662451,0.001010333,111.6028047,0.040359033,91.43168535,131.8912418,0.00922356,44.29503469
6.228055556,50,0.410955556,496.3333333,1179.287576,-0.009745715,25.73482546,0.041992387,93.67541478,128.8541488,0.01189776,41.09098345
6.498888889,50,0.4163,506.4444444,1187.397829,-0.006882977,91.52498657,0.042571349,97.85407377,135.7874257,0.0066763,39.13583952
6.769444444,50,0.420022222,520.6666667,1201.671848,-0.011970891,19.58039098,0.043636812,104.5677611,141.8238017,0.005275541,56.9645701
7.040277778,50,0.425477778,542.1111111,1235.49973,-0.009100735,89.31353086,0.04549803,110.609981,146.5330126,0.007289573,52.59228505
7.311111111,50,0.426777778,559.6666667,1257.332798,-0.01635046,-11.69088484,0.04647704,117.7612934,149.5349368,0.005240302,36.00955395
7.581944444,50,0.426744444,572.3333333,1287.308441,-0.008993833,66.97471514,0.047167091,120.6107145,152.0813394,0.006452967,39.76567797
7.852777778,50,0.425077778,590.4444444,1325.465513,-0.016473018,-31.77850602,0.047525846,125.2310211,153.3713485,0.002570195,44.21656743
8.123611111,50,0.424433333,595.7777778,1341.039324,-0.005554901,68.44138092,0.047678836,126.6572121,156.7203699,0.00495268,30.66771823
8.394166667,50,0.424377778,595.4444444,1337.592707,-0.007379982,40.38838057,0.047647461,128.5652786,160.5680988,0.006876893,26.91684149
8.665,50,0.423688889,606.5555556,1363.51265,-0.003823326,42.91626792,0.047531862,131.8693705,165.3471191,0.005745474,28.14838614
8.935833333,50,0.4227,611.5555556,1381.236223,-0.010585757,13.67132029,0.047469417,130.3969486,161.6277339,0.005650639,29.878988
9.206666667,50,0.421388889,616.5555556,1395.197762,-0.006889833,49.8981199,0.047337947,131.0648812,161.4971124,0.006804085,22.23628238
9.4775,50,0.419633333,623.6666667,1417.706744,-3.10E-05,-30.98734073,0.04699857,133.4849138,166.7164941,0.007904407,47.53059426
9.748333333,50,0.418188889,623.2222222,1423.857716,-0.013309841,73.24099727,0.04642419,129.7916897,160.7946302,0.009811452,23.91190918
10.01888889,50,0.416555556,622.5555556,1420.682629,-0.000241434,-7.439852802,0.046151884,130.5483213,160.3237107,0.004058336,37.42108837
10.28972222,50,0.415933333,626.7777778,1438.795567,-0.004187615,18.2953404,0.045847065,128.0858846,155.9667228,0.003655761,20.27908376
10.56055556,50,0.413822222,633.5555556,1460.052482,-0.003275697,-9.103957741,0.045112938,130.0768054,161.6805879,0.002208834,11.62553695
10.83138889,50,0.414488889,635.2222222,1460.48131,-0.002916197,75.00475144,0.045435166,129.2065291,157.3001549,0.001997627,31.82546035
11.10222222,50,0.414,638.8888889,1470.718506,-0.002589593,78.37366429,0.045305626,129.5469075,157.7292479,0.002071637,25.61154679
11.37277778,50,0.414166667,637.5555556,1468.752889,-0.001734169,-35.9788387,0.045288001,127.4032434,153.7793078,0.002368058,26.81740317
11.64361111,50,0.411511111,643.7777778,1494.396576,-0.003406961,53.59680123,0.044358027,127.9641636,157.3213019,0.002879726,24.84877137
11.91444444,50,0.4119,645.7777778,1497.265592,-0.000255767,-36.41592074,0.044708264,126.1330622,151.1682169,0.003442742,25.76313905
12.18527778,50,0.409944444,641.3333333,1494.313791,-0.00690929,87.84487591,0.043922562,125.2460911,152.4555941,0.003307044,31.77405083
12.45611111,50,0.409722222,645.2222222,1502.653199,-0.003985162,23.25738896,0.043978065,123.7410802,147.5091022,0.002649979,25.43107545
12.72694444,50,0.409711111,652.1111111,1523.414706,-0.009825491,19.57735275,0.043826905,124.1493774,148.8657529,0.004544249,32.53687276
12.9975,50,0.408811111,651.7777778,1524.132566,-0.002423098,14.31892512,0.043731985,125.0486325,150.5128972,0.002163712,30.35292268
13.26833333,50,0.408033333,651.5555556,1524.647816,-0.002696629,11.46861264,0.043937844,125.5553343,151.1914743,0.005201546,32.61530557
13.53916667,50,0.407711111,658.7777778,1546.872381,NA,NA,0.043898078,125.491675,150.2845019,NA,NA
13.81,50,0.407222222,663.1111111,1554.860265,NA,NA,0.043623836,126.1311536,151.102318,NA,NA
14.08083333,50,0.406733333,666.8888889,1569.608944,NA,NA,0.043727975,126.0073239,150.1489341,NA,NA
14.35138889,50,0.405911111,671.5555556,1582.573472,0.009077789,47.28950155,0.043774207,125.9809411,147.8391674,0.013486919,13.62191509
14.62222222,50,0.4059,669.5555556,1573.656638,0.025231988,70.80617665,0.043495811,126.3277386,149.9523441,0.010251909,29.59040254
14.89305556,50,0.405355556,671.7777778,1582.809476,0.028897958,56.59052537,0.043598134,126.1614682,149.237765,0.015823055,52.86433986
15.16388889,50,0.405111111,677.5555556,1600.148755,0.056376227,85.31703503,0.043478259,125.8440515,147.5609025,0.017815724,45.24185131
15.43472222,50,0.404044444,674.1111111,1592.085139,0.080528826,69.22369008,0.043455987,125.7745386,148.1232496,0.020857799,24.43969233
15.70555556,50,0.404488889,677.3333333,1602.892904,0.130414878,74.88373363,0.04350541,126.5326045,149.4448526,0.022075784,19.43476079
0,125,0.011833333,7.111111111,599.9681885,5.993076886,5726.730302,0.000639227,1.602467234,128.5908193,1.085935636,1273.510542
0.270833333,125,0.014644444,8.444444444,582.9902879,6.11157868,6693.340353,0.000559789,1.106936603,77.13683851,0.993127161,1152.522024
0.541666667,125,0.020644444,21.11111111,1021.039664,5.035452738,5204.932973,0.000683762,1.645232544,71.42010588,0.772007438,1152.325913
0.812222222,125,0.031288889,45.55555556,1452.117447,3.623224139,4022.500428,0.001371784,3.54381743,92.42041363,0.609111056,844.8971162
1.083055556,125,0.045644444,66,1445.938976,2.265973313,2660.685653,0.001535425,4.317277949,82.9716096,0.312745247,562.4752716
1.353888889,125,0.060811111,77.22222222,1273.27643,1.956255425,2811.373626,0.001147031,4.118986451,72.09037979,0.151176332,622.1719185
1.624722222,125,0.080711111,88.33333333,1097.296747,1.504166859,2565.865798,0.00110094,4.149966533,56.40008689,0.075551778,529.3301445
1.895555556,125,0.106733333,101.3333333,950.8381004,1.095696418,2690.5052,0.001244209,3.395258131,34.93301284,0.075385994,454.7705976
2.166388889,125,0.138933333,125.4444444,905.0024033,0.706621018,2487.136268,0.001646376,4.340094441,37.2424203,0.097021667,314.7721246
2.436944444,125,0.177244444,165.6666667,934.9914367,0.536497526,1978.936731,0.002100206,6.227180564,35.26883072,0.064666164,295.7606171
2.707777778,125,0.215355556,214.8888889,997.973905,0.33820263,1556.957224,0.003031186,10.05187164,46.04294158,0.035814872,237.961268
2.978611111,125,0.253077778,269,1064.786001,0.282554597,1739.662781,0.0042529,10.80380591,45.83427746,0.055569829,582.4741437
3.249444444,125,0.285966667,333.7777778,1172.014419,0.18316642,1016.401759,0.005905694,12.13440675,51.65466743,0.010911597,109.754801
3.520277778,125,0.309233333,404.1111111,1313.441761,0.153757215,935.4852453,0.007068651,12.25815425,53.40697031,0.009679516,172.7333798
3.790833333,125,0.330911111,491.4444444,1493.518593,0.106404702,767.78731,0.009731513,15.18507227,56.2579682,0.016357008,112.3599131
4.061666667,125,0.348355556,570.4444444,1644.316245,0.108879659,543.9165913,0.011547187,21.13719149,57.2051047,0.014340905,101.1873061
4.3325,125,0.365188889,659.3333333,1804.256886,0.093044114,538.0434506,0.013763806,35.5238574,60.53237578,0.011604291,63.07713799
4.603333333,125,0.375722222,732.7777778,1940.021905,0.042877721,512.5201395,0.014980708,49.66045201,70.45886007,0.013561067,89.78521065
4.874166667,125,0.396066667,840.1111111,2087.321744,0.047271315,306.2898547,0.019283189,93.53244304,136.2852215,0.013528815,76.42483234
5.145,125,0.403955556,910.6666667,2207.555964,0.057954491,374.3282253,0.020867526,109.035672,150.6144296,0.005137976,95.00139289
5.415555556,125,0.412977778,978.8888889,2313.73187,0.047716134,329.7850819,0.021822738,126.9159219,178.6604301,0.008979436,31.98649695
5.686388889,125,0.421555556,1045.111111,2412.76844,0.029605463,318.0540884,0.023485428,141.1695636,190.4814357,0.00888151,55.65623453
5.957222222,125,0.428688889,1107.333333,2508.792583,0.013607858,288.1117544,0.024067056,153.6366565,205.130026,0.00977632,54.18674828
6.228055556,125,0.436177778,1150.777778,2561.017795,0.011931376,196.8816793,0.025859711,160.1101858,203.98334,0.012406899,50.45650625
6.498888889,125,0.443755556,1190.777778,2597.766859,-0.003993144,234.084529,0.025770063,174.4364559,230.1720546,0.007104263,39.00983596
6.769444444,125,0.447888889,1236.555556,2670.208749,0.000640346,122.4022215,0.025966856,182.1123822,237.8107066,0.006928799,50.46173953
7.040277778,125,0.451433333,1275.222222,2728.326845,-0.008189331,78.98780348,0.027088353,189.6747053,242.4383436,0.006653527,45.0852439
7.311111111,125,0.4543,1313.444444,2790.622456,-0.024214456,191.6852341,0.028251136,194.2734407,238.2972933,0.004543061,46.46786688
7.581944444,125,0.454966667,1355.888889,2871.663291,-0.018122588,77.66347965,0.029888162,204.7782299,244.2468845,0.004891956,46.87501229
7.852777778,125,0.453622222,1385.555556,2938.760652,-0.005362193,136.4217615,0.030874548,213.3076229,251.5382072,0.004571406,35.41009246
8.123611111,125,0.453988889,1406,2977.630847,-0.010174965,132.2650872,0.031401754,217.6432478,253.0003889,0.005714027,50.65632774
8.394166667,125,0.453422222,1422.888889,3010.999228,-0.009011073,53.96316046,0.031359833,225.3800152,264.7636482,0.005273434,46.13818932
8.665,125,0.452122222,1443.777778,3065.934413,-0.008404631,108.3510723,0.031529637,226.301285,263.5328691,0.003817538,38.89329178
8.935833333,125,0.4516,1460.555556,3107.47696,-0.004700915,84.00486332,0.031848683,226.6210194,259.4101582,0.003529961,43.72273423
9.206666667,125,0.449322222,1475.444444,3159.016264,-0.006988729,78.52229611,0.031605251,225.60949,258.5945334,0.00146366,45.95921345
9.4775,125,0.448811111,1493.888889,3203.365714,-0.008302011,121.2832855,0.03164097,225.9405308,255.3660917,0.004563151,66.17396709
9.748333333,125,0.4469,1509.111111,3250.702136,-0.000649884,57.53037957,0.031188459,228.3351244,262.0195216,0.00297721,52.49163224
10.01888889,125,0.446255556,1514.666667,3271.760166,-0.006908919,187.3820601,0.031185302,225.4186229,255.994343,0.002004443,43.74794448
10.28972222,125,0.445855556,1536.666667,3323.549244,-0.001618994,24.91318705,0.031392033,227.4855917,255.2285521,0.001441859,39.84023892
10.56055556,125,0.443855556,1540.555556,3349.427165,-0.000252896,126.6189522,0.030676964,225.4608312,254.9494622,0.002093768,62.98183744
10.83138889,125,0.444522222,1553.111111,3374.982242,-0.004608954,113.9769415,0.031093174,223.8399381,246.5364959,0.002388281,48.42568245
11.10222222,125,0.443788889,1557.555556,3396.182973,-0.000207959,78.8852349,0.030825375,219.7558058,240.8261787,0.001601427,56.00180514
11.37277778,125,0.443555556,1577.888889,3445.622246,-0.003469645,84.36024853,0.030682257,219.5314103,238.3370626,0.001969895,37.82916351
11.64361111,125,0.442266667,1579,3459.697407,0.001516376,93.60095166,0.030235621,219.1316195,241.3705068,0.002725268,39.46396595
11.91444444,125,0.4419,1593.111111,3495.961768,-0.007725187,81.10724537,0.030220174,218.7202325,238.9933889,0.004333971,49.89768937
12.18527778,125,0.441566667,1598.777778,3517.588385,-0.001002341,23.8585739,0.03020011,214.3964253,230.8166058,0.002175429,39.87648462
12.45611111,125,0.441044444,1607.555556,3539.644855,-0.001873383,114.7857399,0.030265341,214.7155813,227.6288786,0.003387109,47.06278446
12.72694444,125,0.441066667,1616.777778,3560.332069,-0.004586624,36.67628985,0.030259484,215.9314306,229.707774,0.001228607,39.41908914
12.9975,125,0.440944444,1627.222222,3585.779289,-0.006549794,89.77123215,0.03013785,216.0789965,229.4777598,0.002573437,44.59264261
13.26833333,125,0.440466667,1640.777778,3624.378188,-0.000234012,82.01247368,0.030253306,214.0607246,223.7992152,0.002607116,28.18907808
13.53916667,125,0.440311111,1642.111111,3626.569522,NA,NA,0.030454941,217.2415734,228.6895613,NA,NA
13.81,125,0.4397,1649.333333,3652.17404,NA,NA,0.030297199,213.2829368,221.5581196,NA,NA
14.08083333,125,0.439233333,1654.555556,3667.540852,NA,NA,0.030409565,214.0379711,221.3029748,NA,NA
14.35138889,125,0.438988889,1670.111111,3703.174811,0.011922966,76.26466754,0.030362612,216.7865338,224.8412087,0.013918023,47.91490453
14.62222222,125,0.438544444,1672.888889,3717.192304,0.021354136,108.6357275,0.0304385,214.1827779,219.5241436,0.0098231,25.53092738
14.89305556,125,0.438055556,1676.222222,3730.87806,0.030404549,75.89828089,0.030380623,212.4894623,216.3210319,0.012068584,20.56898907
15.16388889,125,0.437855556,1686.333333,3750.579538,0.04680098,105.8007449,0.03040271,217.9621527,225.4985593,0.018448385,35.67824847
15.43472222,125,0.437288889,1698.888889,3785.888996,0.073219334,89.96442836,0.030330368,217.6382986,224.5231815,0.020776212,34.62637304
15.70555556,125,0.4368,1701.222222,3797.997354,0.107098119,141.3600547,0.030589899,215.8440009,218.8960054,0.023521994,25.22792387
0,250,0.012311111,8.111111111,643.8908051,5.434040439,7672.605146,0.000453825,1.576251218,115.0765212,0.978547787,1798.201977
0.270833333,250,0.014888889,9.444444444,636.8284275,5.912941845,11931.5925,0.000171144,0.86780552,61.54088908,0.961587915,2988.558744
0.541666667,250,0.020144444,28,1389.989652,4.951999017,9121.072333,0.000613304,1.802775638,74.72614848,0.899135764,2237.439165
0.812222222,250,0.030344444,61.11111111,2026.970817,3.707209352,8459.553615,0.001657233,3.591828861,93.40602869,0.663187259,1998.727988
1.083055556,250,0.0437,94.22222222,2172.256322,2.662390484,6880.774766,0.002270157,5.799372039,124.8963207,0.392752538,1593.70386
1.353888889,250,0.058255556,111.7777778,1917.899211,2.122881627,6199.291351,0.001533796,4.465229177,55.49734809,0.203812392,1133.994016
1.624722222,250,0.076622222,125.8888889,1640.964853,1.609163311,6345.12443,0.001536028,5.931189792,63.29457782,0.100613352,1059.792986
1.895555556,250,0.101944444,154.2222222,1508.588085,1.213565745,6171.074068,0.00195733,7.78670123,57.42291183,0.066765987,831.4026649
2.166388889,250,0.133788889,209.5555556,1560.925957,0.890167906,5820.318363,0.002360935,14.43771211,91.77362924,0.060261661,622.9899629
2.436944444,250,0.169777778,302.8888889,1778.66593,0.646193435,4965.243405,0.003220584,23.98752248,125.339924,0.059431391,492.5558303
2.707777778,250,0.207655556,419.8888889,2019.617356,0.443103999,4342.958333,0.004319018,33.78463015,150.1869701,0.036680386,531.9913628
2.978611111,250,0.246188889,546.2222222,2218.845416,0.270221548,3416.215152,0.004817025,42.58481008,165.4236087,0.04237132,332.8580003
3.249444444,250,0.281611111,699.4444444,2493.75153,0.229278513,2899.563649,0.00561915,49.37135672,182.6650872,0.021649336,374.7786215
3.520277778,250,0.309733333,872.5555556,2835.460157,0.210016331,2785.211205,0.006452045,55.24870816,199.4141591,0.02680021,501.914767
3.790833333,250,0.3344,1077.222222,3252.195016,0.14684594,2180.850322,0.008005901,60.23997791,222.1434585,0.01280223,223.5847983
4.061666667,250,0.3585,1288.333333,3637.064623,0.123862624,1919.365415,0.010940318,53.15308081,217.3233178,0.011138173,209.145077
4.3325,250,0.380655556,1509.333333,4016.487067,0.116922732,1590.96475,0.014606991,43.77531014,202.1228611,0.021334768,241.4759448
4.603333333,250,0.398677778,1719.666667,4355.642078,0.081929977,1591.914857,0.016618378,49.29953797,171.5001677,0.011840586,143.46378
4.874166667,250,0.414988889,1915.111111,4642.439708,0.074794744,1285.86516,0.018332867,72.60422479,149.9210346,0.01495187,206.9661428
5.145,250,0.429133333,2118.666667,4945.913358,0.07655528,1398.031243,0.020339432,104.8924052,124.851602,0.013286778,214.2474152
5.415555556,250,0.4387,2297.666667,5228.188012,0.059870812,995.1843064,0.020971714,136.4830067,138.6855048,0.008428188,272.053293
5.686388889,250,0.448055556,2485.555556,5526.235748,0.047993278,988.9606402,0.022565584,165.8802372,158.7348095,0.011980346,131.8646965
5.957222222,250,0.458411111,2691.888889,5833.552977,0.038591946,942.645759,0.025435334,204.7675135,170.2775097,0.009528915,174.4200969
6.228055556,250,0.469444444,2871.111111,6066.775684,0.021831206,794.9964399,0.027625965,235.8235242,195.5104468,0.011794729,81.43062197
6.498888889,250,0.479966667,2982.444444,6140.006299,0.006650968,634.5007814,0.028961517,271.9160466,224.6352012,0.009074295,155.5593783
6.769444444,250,0.486066667,3130.222222,6346.803372,0.020448436,718.6716087,0.029671273,303.6576004,255.1648654,0.004556929,150.0973935
7.040277778,250,0.4904,3280.888889,6577.308296,0.007525161,540.6825873,0.030709675,337.0352539,284.3886627,0.007761326,132.4186579
7.311111111,250,0.4951,3418.333333,6777.016035,-0.007729769,426.2267268,0.032131055,365.0755249,301.8668702,0.006412636,87.03731147
7.581944444,250,0.500511111,3533.444444,6924.735328,-0.008079803,291.2085979,0.034603301,387.174455,294.1558457,0.004359711,92.83640896
7.852777778,250,0.502555556,3657.111111,7128.238329,-0.00287654,209.9242066,0.035862349,414.5508428,313.1678938,0.004072962,94.0470575
8.123611111,250,0.505288889,3712.444444,7181.463547,-0.005326773,372.2241693,0.036610675,437.4426982,336.0557831,0.005170641,58.79556118
8.394166667,250,0.505633333,3778.777778,7282.65151,-0.002414473,173.2312846,0.037571609,468.4064527,365.9801487,0.003606153,89.67634383
8.665,250,0.5057,3861,7436.41855,-0.003049181,275.8066251,0.038410968,485.1171107,368.856574,0.003725173,85.82184126
8.935833333,250,0.506811111,3927.555556,7541.994412,-5.09E-05,149.3553579,0.039335563,502.4162758,378.1978086,0.003485342,52.20649287
9.206666667,250,0.506511111,3999.111111,7674.833928,-0.002940009,242.6015526,0.03971606,521.0341065,393.2239835,0.002381553,87.34382232
9.4775,250,0.507288889,4069.555556,7797.471438,-0.003689844,215.3026087,0.040302769,532.5714118,396.0602896,0.002969792,80.52718113
9.748333333,250,0.506133333,4104.222222,7882.488745,-0.001470783,48.84614974,0.040001639,537.7442023,406.8766976,0.001574845,88.29350297
10.01888889,250,0.505844444,4146,7964.106005,-0.002545973,335.7893679,0.03982568,545.1610364,411.25744,0.0018243,96.0250712
10.28972222,250,0.506444444,4173.555556,8011.989519,0.001949755,145.0299387,0.040288943,545.1932662,404.6019436,0.002300099,61.87698989
10.56055556,250,0.505166667,4201,8091.479,0.002800672,207.9196829,0.039667973,541.5060275,398.6422031,0.001728977,60.97832047
10.83138889,250,0.506166667,4227.777778,8134.07936,4.15E-06,144.2298654,0.040107373,540.9346792,387.5907167,0.002612172,45.80535092
11.10222222,250,0.504877778,4228.222222,8162.077599,0.001965125,277.7979834,0.039762747,534.8948437,384.4658383,0.003515384,67.87354172
11.37277778,250,0.505488889,4265.444444,8221.965355,0.002274837,151.5475608,0.039730776,540.5825076,391.1643525,0.001248943,73.69694474
11.64361111,250,0.505088889,4274.222222,8255.0143,0.002037366,225.5972964,0.03959226,532.9446964,377.733876,0.003357525,55.82826419
11.91444444,250,0.504744444,4298.555556,8315.991051,0.001038764,196.5222997,0.039429255,528.6021427,372.1584952,0.002207589,89.79894379
12.18527778,250,0.504622222,4317,8353.027182,0.001818915,208.2940798,0.039371185,530.4441273,370.6824843,0.002248876,63.4889448
12.45611111,250,0.504988889,4333.666667,8380.243773,0.002018591,180.6751967,0.039410117,531.2622025,367.9668847,0.002888286,95.99361685
12.72694444,250,0.504866667,4358,8435.152676,0.001390146,170.8134918,0.039238236,527.5699006,360.8045989,0.004391786,80.52675732
12.9975,250,0.504977778,4386.222222,8482.293083,3.63E-05,217.3963167,0.039230341,536.6520386,373.1318499,0.004463121,90.13258242
13.26833333,250,0.505077778,4397.666667,8503.849977,0.002780622,329.7931386,0.039508149,537.9846652,368.5599971,0.005151268,94.36435141
13.53916667,250,0.505866667,4437.888889,8566.030703,NA,NA,0.040018038,547.4282663,372.7830197,NA,NA
13.81,250,0.505322222,4463.777778,8626.384654,NA,NA,0.040014167,550.0937743,371.3194048,NA,NA
14.08083333,250,0.505566667,4478.888889,8649.34505,NA,NA,0.040391174,556.2312779,374.3905928,NA,NA
14.35138889,250,0.5056,4515.111111,8712.841063,0.00558743,92.92828527,0.040612293,568.0387664,385.3270856,0.006663287,33.33544979
14.62222222,250,0.505644444,4528,8728.476165,0.01673871,135.0912736,0.040809269,578.3054268,393.9941048,0.010971186,67.95254374
14.89305556,250,0.505622222,4551,8767.91206,0.023030445,116.0064562,0.041180038,589.408272,401.7350209,0.009728193,31.48948482
15.16388889,250,0.506077778,4576.222222,8801.739341,0.03982862,114.3047477,0.041791077,602.1858743,408.7967466,0.013838726,52.02492847
15.43472222,250,0.506088889,4601.888889,8848.205463,0.063683464,188.0248723,0.042203651,611.7837409,412.205374,0.016970584,61.46658364
15.70555556,250,0.506688889,4648.333333,8923.087487,0.094771777,144.5726849,0.042997308,626.7481108,419.0653291,0.021014832,61.73080293
